,brand,nod,location,model,varient,fuel,year,transmission,km,price
0,Maruti,1st Owner,Ahmedabad,Swift Dzire,VXI 1.2,Petrol,2019,Manual,"9,718 Kms","6,65,000"
1,Maruti,1st Owner,Ahmedabad,Wagon R,VXI,Petrol,2016,Manual,"81,674 Kms","3,60,000"
2,Honda,1st Owner,Ahmedabad,City,1.5 V MT,Petrol,2011,Manual,"38,647 Kms","3,99,500"
3,Maruti,1st Owner,Ahmedabad,Alto K10,LXI,Petrol,2012,Manual,"89,579 Kms","1,77,500"
4,Maruti,1st Owner,Ahmedabad,S-Presso,VXI,Petrol,2019,Manual,"24,230 Kms","4,22,000"
5,Nissan,2nd Owner,Ahmedabad,Terrano,XL Plus 85 PS,Diesel,2016,Manual,"74,431 Kms","4,80,000"
6,Maruti,1st Owner,Ahmedabad,Baleno,Alpha,Petrol,2017,Manual,"49,072 Kms","5,66,000"
7,Maruti,1st Owner,Ahmedabad,Eeco,5 Seater AC BSIV,Petrol,2019,Manual,"14,161 Kms","4,57,000"
8,Maruti,2nd Owner,Ahmedabad,Wagon R,LXI BS IV,Petrol,2013,Manual,"85,416 Kms","2,79,500"
9,Maruti,1st Owner,Ahmedabad,Baleno,1.2 Delta,Petrol,2016,Manual,"51,069 Kms","4,82,500"
10,Maruti,1st Owner,Ahmedabad,Wagon R,VXI,Petrol,2014,Manual,"131,125 Kms","2,94,500"
11,Maruti,1st Owner,Ahmedabad,Eeco,5 Seater AC,Petrol,2020,Manual,"17,116 Kms","4,72,000"
12,Maruti,1st Owner,Ahmedabad,Wagon R,VXI Plus,Petrol,2017,Manual,"43,031 Kms","3,87,000"
13,Ford,1st Owner,Ahmedabad,Ecosport,1.5 TDCi Trend BSIV,Diesel,2016,Manual,"42,029 Kms","5,89,500"
40,Maruti,1st Owner,Ahmedabad,Swift Dzire,VXI 1.2,Petrol,2019,Manual,"9,718 Kms","6,65,000"
41,Maruti,1st Owner,Ahmedabad,Wagon R,VXI,Petrol,2016,Manual,"81,674 Kms","3,60,000"
42,Honda,1st Owner,Ahmedabad,City,1.5 V MT,Petrol,2011,Manual,"38,647 Kms","3,99,500"
43,Maruti,1st Owner,Ahmedabad,Alto K10,LXI,Petrol,2012,Manual,"89,579 Kms","1,77,500"
44,Maruti,1st Owner,Ahmedabad,S-Presso,VXI,Petrol,2019,Manual,"24,230 Kms","4,22,000"
45,Nissan,2nd Owner,Ahmedabad,Terrano,XL Plus 85 PS,Diesel,2016,Manual,"74,431 Kms","4,80,000"
46,Maruti,1st Owner,Ahmedabad,Baleno,Alpha,Petrol,2017,Manual,"49,072 Kms","5,66,000"
47,Maruti,1st Owner,Ahmedabad,Eeco,5 Seater AC BSIV,Petrol,2019,Manual,"14,161 Kms","4,57,000"
48,Maruti,2nd Owner,Ahmedabad,Wagon R,LXI BS IV,Petrol,2013,Manual,"85,416 Kms","2,79,500"
49,Maruti,1st Owner,Ahmedabad,Baleno,1.2 Delta,Petrol,2016,Manual,"51,069 Kms","4,82,500"
50,Maruti,1st Owner,Ahmedabad,Wagon R,VXI,Petrol,2014,Manual,"131,125 Kms","2,94,500"
51,Maruti,1st Owner,Ahmedabad,Eeco,5 Seater AC,Petrol,2020,Manual,"17,116 Kms","4,72,000"
52,Maruti,1st Owner,Ahmedabad,Wagon R,VXI Plus,Petrol,2017,Manual,"43,031 Kms","3,87,000"
53,Ford,1st Owner,Ahmedabad,Ecosport,1.5 TDCi Trend BSIV,Diesel,2016,Manual,"42,029 Kms","5,89,500"
80,Maruti,1st Owner,Ahmedabad,Swift Dzire,VXI 1.2,Petrol,2019,Manual,"9,718 Kms","6,65,000"
81,Maruti,1st Owner,Ahmedabad,Wagon R,VXI,Petrol,2016,Manual,"81,674 Kms","3,60,000"
82,Honda,1st Owner,Ahmedabad,City,1.5 V MT,Petrol,2011,Manual,"38,647 Kms","3,99,500"
83,Maruti,1st Owner,Ahmedabad,Alto K10,LXI,Petrol,2012,Manual,"89,579 Kms","1,77,500"
84,Maruti,1st Owner,Ahmedabad,S-Presso,VXI,Petrol,2019,Manual,"24,230 Kms","4,22,000"
85,Nissan,2nd Owner,Ahmedabad,Terrano,XL Plus 85 PS,Diesel,2016,Manual,"74,431 Kms","4,80,000"
86,Maruti,1st Owner,Ahmedabad,Baleno,Alpha,Petrol,2017,Manual,"49,072 Kms","5,66,000"
87,Maruti,1st Owner,Ahmedabad,Eeco,5 Seater AC BSIV,Petrol,2019,Manual,"14,161 Kms","4,57,000"
88,Maruti,2nd Owner,Ahmedabad,Wagon R,LXI BS IV,Petrol,2013,Manual,"85,416 Kms","2,79,500"
89,Maruti,1st Owner,Ahmedabad,Baleno,1.2 Delta,Petrol,2016,Manual,"51,069 Kms","4,82,500"
90,Maruti,1st Owner,Ahmedabad,Wagon R,VXI,Petrol,2014,Manual,"131,125 Kms","2,94,500"
91,Maruti,1st Owner,Ahmedabad,Eeco,5 Seater AC,Petrol,2020,Manual,"17,116 Kms","4,72,000"
92,Maruti,1st Owner,Ahmedabad,Wagon R,VXI Plus,Petrol,2017,Manual,"43,031 Kms","3,87,000"
93,Ford,1st Owner,Ahmedabad,Ecosport,1.5 TDCi Trend BSIV,Diesel,2016,Manual,"42,029 Kms","5,89,500"
140,Maruti,1st Owner,Ahmedabad,Swift Dzire,VXI 1.2,Petrol,2019,Manual,"9,718 Kms","6,65,000"
141,Maruti,1st Owner,Ahmedabad,Wagon R,VXI,Petrol,2016,Manual,"81,674 Kms","3,60,000"
142,Honda,1st Owner,Ahmedabad,City,1.5 V MT,Petrol,2011,Manual,"38,647 Kms","3,99,500"
143,Maruti,1st Owner,Ahmedabad,Alto K10,LXI,Petrol,2012,Manual,"89,579 Kms","1,77,500"
144,Maruti,1st Owner,Ahmedabad,S-Presso,VXI,Petrol,2019,Manual,"24,230 Kms","4,22,000"
145,Nissan,2nd Owner,Ahmedabad,Terrano,XL Plus 85 PS,Diesel,2016,Manual,"74,431 Kms","4,80,000"
146,Maruti,1st Owner,Ahmedabad,Baleno,Alpha,Petrol,2017,Manual,"49,072 Kms","5,66,000"
147,Maruti,1st Owner,Ahmedabad,Eeco,5 Seater AC BSIV,Petrol,2019,Manual,"14,161 Kms","4,57,000"
148,Maruti,2nd Owner,Ahmedabad,Wagon R,LXI BS IV,Petrol,2013,Manual,"85,416 Kms","2,79,500"
149,Maruti,1st Owner,Ahmedabad,Baleno,1.2 Delta,Petrol,2016,Manual,"51,069 Kms","4,82,500"
150,Maruti,1st Owner,Ahmedabad,Wagon R,VXI,Petrol,2014,Manual,"131,125 Kms","2,94,500"
151,Maruti,1st Owner,Ahmedabad,Eeco,5 Seater AC,Petrol,2020,Manual,"17,116 Kms","4,72,000"
152,Maruti,1st Owner,Ahmedabad,Wagon R,VXI Plus,Petrol,2017,Manual,"43,031 Kms","3,87,000"
153,Ford,1st Owner,Ahmedabad,Ecosport,1.5 TDCi Trend BSIV,Diesel,2016,Manual,"42,029 Kms","5,89,500"
220,Maruti,1st Owner,Ahmedabad,Swift Dzire,VXI 1.2,Petrol,2019,Manual,"9,718 Kms","6,65,000"
221,Maruti,1st Owner,Ahmedabad,Wagon R,VXI,Petrol,2016,Manual,"81,674 Kms","3,60,000"
222,Honda,1st Owner,Ahmedabad,City,1.5 V MT,Petrol,2011,Manual,"38,647 Kms","3,99,500"
223,Maruti,1st Owner,Ahmedabad,Alto K10,LXI,Petrol,2012,Manual,"89,579 Kms","1,77,500"
224,Maruti,1st Owner,Ahmedabad,S-Presso,VXI,Petrol,2019,Manual,"24,230 Kms","4,22,000"
225,Nissan,2nd Owner,Ahmedabad,Terrano,XL Plus 85 PS,Diesel,2016,Manual,"74,431 Kms","4,80,000"
226,Maruti,1st Owner,Ahmedabad,Baleno,Alpha,Petrol,2017,Manual,"49,072 Kms","5,66,000"
227,Maruti,1st Owner,Ahmedabad,Eeco,5 Seater AC BSIV,Petrol,2019,Manual,"14,161 Kms","4,57,000"
228,Maruti,2nd Owner,Ahmedabad,Wagon R,LXI BS IV,Petrol,2013,Manual,"85,416 Kms","2,79,500"
229,Maruti,1st Owner,Ahmedabad,Baleno,1.2 Delta,Petrol,2016,Manual,"51,069 Kms","4,82,500"
230,Maruti,1st Owner,Ahmedabad,Wagon R,VXI,Petrol,2014,Manual,"131,125 Kms","2,94,500"
231,Maruti,1st Owner,Ahmedabad,Eeco,5 Seater AC,Petrol,2020,Manual,"17,116 Kms","4,72,000"
232,Maruti,1st Owner,Ahmedabad,Wagon R,VXI Plus,Petrol,2017,Manual,"43,031 Kms","3,87,000"
233,Ford,1st Owner,Ahmedabad,Ecosport,1.5 TDCi Trend BSIV,Diesel,2016,Manual,"42,029 Kms","5,89,500"
320,Hyundai,2nd Owner,Bangalore,i20,1.2 Magna Executive,Petrol,2017,Manual,"18,756 Kms","6,16,500"
321,Honda,1st Owner,Bangalore,Jazz,1.5 VX i DTEC,Diesel,2015,Manual,"42,361 Kms","6,68,500"
322,Honda,1st Owner,Bangalore,Brio,1.2 VX AT,Petrol,2013,Automatic,"84,561 Kms","4,26,010"
323,Maruti,1st Owner,Bangalore,Alto 800,LXI,Petrol,2016,Manual,"53,908 Kms","3,28,000"
324,Maruti,2nd Owner,Bangalore,Swift Dzire,VXi,Petrol,2009,Manual,"86,950 Kms","3,29,000"
325,Hyundai,1st Owner,Bangalore,i20 Active,SX Diesel,Diesel,2015,Manual,"81,242 Kms","6,32,500"
326,Hyundai,2nd Owner,Bangalore,Grand i10,Sportz,Petrol,2014,Manual,"46,687 Kms","4,47,500"
327,Hyundai,1st Owner,Bangalore,i20,Asta 1.2,Petrol,2014,Manual,"40,679 Kms","5,67,500"
328,Maruti,2nd Owner,Bangalore,Alto,LXi BSIII,Petrol,2008,Manual,"44,812 Kms","1,96,000"
329,Maruti,1st Owner,Bangalore,Swift Dzire,VXi,Petrol,2009,Manual,"33,506 Kms","3,64,500"
330,Mahindra,2nd Owner,Bangalore,TUV 300,T8,Diesel,2016,Manual,"45,484 Kms","7,27,000"
331,Hyundai,2nd Owner,Bangalore,Grand i10,AT Asta,Petrol,2015,Automatic,"73,462 Kms","5,23,000"
332,Hyundai,2nd Owner,Bangalore,i10,Magna 1.2,Petrol,2009,Manual,"79,209 Kms","2,65,000"
333,Maruti,1st Owner,Bangalore,Ignis,1.2 AMT Delta BSIV,Petrol,2017,Automatic,"13,107 Kms","6,22,000"
341,Hyundai,2nd Owner,Bangalore,i20,1.2 Magna Executive,Petrol,2017,Manual,"18,756 Kms","6,16,500"
342,Honda,1st Owner,Bangalore,Jazz,1.5 VX i DTEC,Diesel,2015,Manual,"42,361 Kms","6,68,500"
343,Honda,1st Owner,Bangalore,Brio,1.2 VX AT,Petrol,2013,Automatic,"84,561 Kms","4,26,010"
344,Maruti,1st Owner,Bangalore,Alto 800,LXI,Petrol,2016,Manual,"53,908 Kms","3,28,000"
345,Maruti,2nd Owner,Bangalore,Swift Dzire,VXi,Petrol,2009,Manual,"86,950 Kms","3,29,000"
346,Hyundai,1st Owner,Bangalore,i20 Active,SX Diesel,Diesel,2015,Manual,"81,242 Kms","6,32,500"
347,Hyundai,2nd Owner,Bangalore,Grand i10,Sportz,Petrol,2014,Manual,"46,687 Kms","4,47,500"
348,Hyundai,1st Owner,Bangalore,i20,Asta 1.2,Petrol,2014,Manual,"40,679 Kms","5,67,500"
349,Maruti,2nd Owner,Bangalore,Alto,LXi BSIII,Petrol,2008,Manual,"44,812 Kms","1,96,000"
350,Maruti,1st Owner,Bangalore,Swift Dzire,VXi,Petrol,2009,Manual,"33,506 Kms","3,64,500"
351,Mahindra,2nd Owner,Bangalore,TUV 300,T8,Diesel,2016,Manual,"45,484 Kms","7,27,000"
352,Hyundai,2nd Owner,Bangalore,Grand i10,AT Asta,Petrol,2015,Automatic,"73,462 Kms","5,23,000"
353,Hyundai,2nd Owner,Bangalore,i10,Magna 1.2,Petrol,2009,Manual,"79,209 Kms","2,65,000"
354,Maruti,1st Owner,Bangalore,Ignis,1.2 AMT Delta BSIV,Petrol,2017,Automatic,"13,107 Kms","6,22,000"
381,Hyundai,2nd Owner,Bangalore,i20,1.2 Magna Executive,Petrol,2017,Manual,"18,756 Kms","6,16,500"
382,Honda,1st Owner,Bangalore,Jazz,1.5 VX i DTEC,Diesel,2015,Manual,"42,361 Kms","6,68,500"
383,Honda,1st Owner,Bangalore,Brio,1.2 VX AT,Petrol,2013,Automatic,"84,561 Kms","4,26,010"
384,Maruti,1st Owner,Bangalore,Alto 800,LXI,Petrol,2016,Manual,"53,908 Kms","3,28,000"
385,Maruti,2nd Owner,Bangalore,Swift Dzire,VXi,Petrol,2009,Manual,"86,950 Kms","3,29,000"
386,Hyundai,1st Owner,Bangalore,i20 Active,SX Diesel,Diesel,2015,Manual,"81,242 Kms","6,32,500"
387,Hyundai,2nd Owner,Bangalore,Grand i10,Sportz,Petrol,2014,Manual,"46,687 Kms","4,47,500"
388,Hyundai,1st Owner,Bangalore,i20,Asta 1.2,Petrol,2014,Manual,"40,679 Kms","5,67,500"
389,Maruti,2nd Owner,Bangalore,Alto,LXi BSIII,Petrol,2008,Manual,"44,812 Kms","1,96,000"
390,Maruti,1st Owner,Bangalore,Swift Dzire,VXi,Petrol,2009,Manual,"33,506 Kms","3,64,500"
391,Mahindra,2nd Owner,Bangalore,TUV 300,T8,Diesel,2016,Manual,"45,484 Kms","7,27,000"
392,Hyundai,2nd Owner,Bangalore,Grand i10,AT Asta,Petrol,2015,Automatic,"73,462 Kms","5,23,000"
393,Hyundai,2nd Owner,Bangalore,i10,Magna 1.2,Petrol,2009,Manual,"79,209 Kms","2,65,000"
394,Maruti,1st Owner,Bangalore,Ignis,1.2 AMT Delta BSIV,Petrol,2017,Automatic,"13,107 Kms","6,22,000"
440,Hyundai,2nd Owner,Bangalore,i20,1.2 Magna Executive,Petrol,2017,Manual,"18,756 Kms","6,16,500"
441,Honda,1st Owner,Bangalore,Jazz,1.5 VX i DTEC,Diesel,2015,Manual,"42,361 Kms","6,68,500"
442,Honda,1st Owner,Bangalore,Brio,1.2 VX AT,Petrol,2013,Automatic,"84,561 Kms","4,26,010"
443,Maruti,1st Owner,Bangalore,Alto 800,LXI,Petrol,2016,Manual,"53,908 Kms","3,28,000"
444,Maruti,2nd Owner,Bangalore,Swift Dzire,VXi,Petrol,2009,Manual,"86,950 Kms","3,29,000"
445,Hyundai,1st Owner,Bangalore,i20 Active,SX Diesel,Diesel,2015,Manual,"81,242 Kms","6,32,500"
446,Hyundai,2nd Owner,Bangalore,Grand i10,Sportz,Petrol,2014,Manual,"46,687 Kms","4,47,500"
447,Hyundai,1st Owner,Bangalore,i20,Asta 1.2,Petrol,2014,Manual,"40,679 Kms","5,67,500"
448,Maruti,2nd Owner,Bangalore,Alto,LXi BSIII,Petrol,2008,Manual,"44,812 Kms","1,96,000"
449,Maruti,1st Owner,Bangalore,Swift Dzire,VXi,Petrol,2009,Manual,"33,506 Kms","3,64,500"
450,Mahindra,2nd Owner,Bangalore,TUV 300,T8,Diesel,2016,Manual,"45,484 Kms","7,27,000"
451,Hyundai,2nd Owner,Bangalore,Grand i10,AT Asta,Petrol,2015,Automatic,"73,462 Kms","5,23,000"
452,Hyundai,2nd Owner,Bangalore,i10,Magna 1.2,Petrol,2009,Manual,"79,209 Kms","2,65,000"
453,Maruti,1st Owner,Bangalore,Ignis,1.2 AMT Delta BSIV,Petrol,2017,Automatic,"13,107 Kms","6,22,000"
501,Maruti,2nd Owner,Bangalore,Celerio,ZXI AT,Petrol,2015,Automatic,"41,651 Kms","4,33,000"
502,Hyundai,2nd Owner,Bangalore,i10,Sportz Option,Petrol,2011,Manual,"63,300 Kms","3,08,500"
503,Maruti,1st Owner,Bangalore,Wagon R,VXI AMT,Petrol,2017,Automatic,"45,448 Kms","4,77,000"
504,Renault,1st Owner,Bangalore,KWID,1.0 RXT Opt,Petrol,2018,Manual,"46,527 Kms","4,01,000"
519,Hyundai,2nd Owner,Bangalore,i20,1.2 Magna Executive,Petrol,2017,Manual,"18,756 Kms","6,16,500"
520,Honda,1st Owner,Bangalore,Jazz,1.5 VX i DTEC,Diesel,2015,Manual,"42,361 Kms","6,68,500"
521,Honda,1st Owner,Bangalore,Brio,1.2 VX AT,Petrol,2013,Automatic,"84,561 Kms","4,26,010"
522,Maruti,1st Owner,Bangalore,Alto 800,LXI,Petrol,2016,Manual,"53,908 Kms","3,28,000"
523,Maruti,2nd Owner,Bangalore,Swift Dzire,VXi,Petrol,2009,Manual,"86,950 Kms","3,29,000"
524,Hyundai,1st Owner,Bangalore,i20 Active,SX Diesel,Diesel,2015,Manual,"81,242 Kms","6,32,500"
525,Hyundai,2nd Owner,Bangalore,Grand i10,Sportz,Petrol,2014,Manual,"46,687 Kms","4,47,500"
526,Hyundai,1st Owner,Bangalore,i20,Asta 1.2,Petrol,2014,Manual,"40,679 Kms","5,67,500"
527,Maruti,2nd Owner,Bangalore,Alto,LXi BSIII,Petrol,2008,Manual,"44,812 Kms","1,96,000"
528,Maruti,1st Owner,Bangalore,Swift Dzire,VXi,Petrol,2009,Manual,"33,506 Kms","3,64,500"
529,Mahindra,2nd Owner,Bangalore,TUV 300,T8,Diesel,2016,Manual,"45,484 Kms","7,27,000"
530,Hyundai,2nd Owner,Bangalore,Grand i10,AT Asta,Petrol,2015,Automatic,"73,462 Kms","5,23,000"
531,Hyundai,2nd Owner,Bangalore,i10,Magna 1.2,Petrol,2009,Manual,"79,209 Kms","2,65,000"
532,Maruti,1st Owner,Bangalore,Ignis,1.2 AMT Delta BSIV,Petrol,2017,Automatic,"13,107 Kms","6,22,000"
580,Maruti,2nd Owner,Bangalore,Celerio,ZXI AT,Petrol,2015,Automatic,"41,651 Kms","4,33,000"
581,Hyundai,2nd Owner,Bangalore,i10,Sportz Option,Petrol,2011,Manual,"63,300 Kms","3,08,500"
582,Maruti,1st Owner,Bangalore,Wagon R,VXI AMT,Petrol,2017,Automatic,"45,448 Kms","4,77,000"
583,Renault,1st Owner,Bangalore,KWID,1.0 RXT Opt,Petrol,2018,Manual,"46,527 Kms","4,01,000"
1018,Maruti,1st Owner,New-Delhi,Ignis,1.2 AMT Delta BSIV,Petrol,2018,Automatic,"17,011 Kms","4,50,000"
1019,Maruti,1st Owner,Ghaziabad,Baleno,Zeta,Petrol,2016,Manual,"39,350 Kms","5,18,500"
1020,Maruti,1st Owner,New-Delhi,Celerio,VXI,Petrol,2016,Manual,"36,243 Kms","3,44,500"
1021,Hyundai,1st Owner,New-Delhi,Creta,1.6 CRDi AT SX Plus,Diesel,2016,Automatic,"96,195 Kms","9,26,500"
1022,Maruti,1st Owner,New-Delhi,Alto,LXi,Petrol,2012,Manual,"28,123 Kms","1,89,500"
1023,Maruti,1st Owner,Ghaziabad,Baleno,Alpha,Petrol,2019,Manual,"5,932 Kms","6,95,500"
1024,Ford,1st Owner,New-Delhi,Ecosport,1.5 Diesel Titanium,Diesel,2016,Manual,"87,967 Kms","6,05,000"
1025,Honda,2nd Owner,New-Delhi,Brio,S MT,Petrol,2012,Manual,"27,371 Kms","2,29,000"
1026,Maruti,1st Owner,New-Delhi,Celerio,ZXI Optional AMT BSIV,Petrol,2018,Automatic,"9,277 Kms","4,78,500"
1027,Honda,1st Owner,New-Delhi,Amaze,S i-Vtech,Petrol,2015,Manual,"65,873 Kms","3,78,500"
1028,Maruti,1st Owner,New-Delhi,Alto 800,VXI,Petrol,2017,Manual,"23,845 Kms","2,83,500"
1029,Maruti,1st Owner,New-Delhi,Alto 800,STD,Petrol,2019,Manual,"5,673 Kms","2,66,500"
1030,Hyundai,1st Owner,New-Delhi,Creta,1.4 E Plus,Diesel,2018,Manual,"17,013 Kms","9,17,500"
1031,Renault,1st Owner,New-Delhi,Duster,85PS Diesel RxL,Diesel,2015,Manual,"82,193 Kms","4,30,500"
1037,Maruti,1st Owner,New-Delhi,Ignis,1.2 AMT Delta BSIV,Petrol,2018,Automatic,"17,011 Kms","4,50,000"
1038,Maruti,1st Owner,Ghaziabad,Baleno,Zeta,Petrol,2016,Manual,"39,350 Kms","5,18,500"
1039,Maruti,1st Owner,New-Delhi,Celerio,VXI,Petrol,2016,Manual,"36,243 Kms","3,44,500"
1040,Hyundai,1st Owner,New-Delhi,Creta,1.6 CRDi AT SX Plus,Diesel,2016,Automatic,"96,195 Kms","9,26,500"
1041,Maruti,1st Owner,New-Delhi,Alto,LXi,Petrol,2012,Manual,"28,123 Kms","1,89,500"
1042,Maruti,1st Owner,Ghaziabad,Baleno,Alpha,Petrol,2019,Manual,"5,932 Kms","6,95,500"
1043,Ford,1st Owner,New-Delhi,Ecosport,1.5 Diesel Titanium,Diesel,2016,Manual,"87,967 Kms","6,05,000"
1044,Honda,2nd Owner,New-Delhi,Brio,S MT,Petrol,2012,Manual,"27,371 Kms","2,29,000"
1045,Maruti,1st Owner,New-Delhi,Celerio,ZXI Optional AMT BSIV,Petrol,2018,Automatic,"9,277 Kms","4,78,500"
1046,Honda,1st Owner,New-Delhi,Amaze,S i-Vtech,Petrol,2015,Manual,"65,873 Kms","3,78,500"
1047,Maruti,1st Owner,New-Delhi,Alto 800,VXI,Petrol,2017,Manual,"23,845 Kms","2,83,500"
1048,Maruti,1st Owner,New-Delhi,Alto 800,STD,Petrol,2019,Manual,"5,673 Kms","2,66,500"
1049,Hyundai,1st Owner,New-Delhi,Creta,1.4 E Plus,Diesel,2018,Manual,"17,013 Kms","9,17,500"
1050,Renault,1st Owner,New-Delhi,Duster,85PS Diesel RxL,Diesel,2015,Manual,"82,193 Kms","4,30,500"
1056,Maruti,1st Owner,New-Delhi,Ignis,1.2 AMT Delta BSIV,Petrol,2018,Automatic,"17,011 Kms","4,50,000"
1057,Maruti,1st Owner,Ghaziabad,Baleno,Zeta,Petrol,2016,Manual,"39,350 Kms","5,18,500"
1058,Maruti,1st Owner,New-Delhi,Celerio,VXI,Petrol,2016,Manual,"36,243 Kms","3,44,500"
1059,Hyundai,1st Owner,New-Delhi,Creta,1.6 CRDi AT SX Plus,Diesel,2016,Automatic,"96,195 Kms","9,26,500"
1060,Maruti,1st Owner,New-Delhi,Alto,LXi,Petrol,2012,Manual,"28,123 Kms","1,89,500"
1061,Maruti,1st Owner,Ghaziabad,Baleno,Alpha,Petrol,2019,Manual,"5,932 Kms","6,95,500"
1062,Ford,1st Owner,New-Delhi,Ecosport,1.5 Diesel Titanium,Diesel,2016,Manual,"87,967 Kms","6,05,000"
1063,Honda,2nd Owner,New-Delhi,Brio,S MT,Petrol,2012,Manual,"27,371 Kms","2,29,000"
1064,Maruti,1st Owner,New-Delhi,Celerio,ZXI Optional AMT BSIV,Petrol,2018,Automatic,"9,277 Kms","4,78,500"
1065,Honda,1st Owner,New-Delhi,Amaze,S i-Vtech,Petrol,2015,Manual,"65,873 Kms","3,78,500"
1066,Maruti,1st Owner,New-Delhi,Alto 800,VXI,Petrol,2017,Manual,"23,845 Kms","2,83,500"
1067,Maruti,1st Owner,New-Delhi,Alto 800,STD,Petrol,2019,Manual,"5,673 Kms","2,66,500"
1068,Hyundai,1st Owner,New-Delhi,Creta,1.4 E Plus,Diesel,2018,Manual,"17,013 Kms","9,17,500"
1069,Renault,1st Owner,New-Delhi,Duster,85PS Diesel RxL,Diesel,2015,Manual,"82,193 Kms","4,30,500"
1075,Maruti,1st Owner,New-Delhi,Ignis,1.2 AMT Delta BSIV,Petrol,2018,Automatic,"17,011 Kms","4,50,000"
1076,Maruti,1st Owner,Ghaziabad,Baleno,Zeta,Petrol,2016,Manual,"39,350 Kms","5,18,500"
1077,Maruti,1st Owner,New-Delhi,Celerio,VXI,Petrol,2016,Manual,"36,243 Kms","3,44,500"
1078,Hyundai,1st Owner,New-Delhi,Creta,1.6 CRDi AT SX Plus,Diesel,2016,Automatic,"96,195 Kms","9,26,500"
1079,Maruti,1st Owner,New-Delhi,Alto,LXi,Petrol,2012,Manual,"28,123 Kms","1,89,500"
1080,Maruti,1st Owner,Ghaziabad,Baleno,Alpha,Petrol,2019,Manual,"5,932 Kms","6,95,500"
1081,Ford,1st Owner,New-Delhi,Ecosport,1.5 Diesel Titanium,Diesel,2016,Manual,"87,967 Kms","6,05,000"
1082,Honda,2nd Owner,New-Delhi,Brio,S MT,Petrol,2012,Manual,"27,371 Kms","2,29,000"
1083,Maruti,1st Owner,New-Delhi,Celerio,ZXI Optional AMT BSIV,Petrol,2018,Automatic,"9,277 Kms","4,78,500"
1084,Honda,1st Owner,New-Delhi,Amaze,S i-Vtech,Petrol,2015,Manual,"65,873 Kms","3,78,500"
1085,Maruti,1st Owner,New-Delhi,Alto 800,VXI,Petrol,2017,Manual,"23,845 Kms","2,83,500"
1086,Maruti,1st Owner,New-Delhi,Alto 800,STD,Petrol,2019,Manual,"5,673 Kms","2,66,500"
1087,Hyundai,1st Owner,New-Delhi,Creta,1.4 E Plus,Diesel,2018,Manual,"17,013 Kms","9,17,500"
1088,Renault,1st Owner,New-Delhi,Duster,85PS Diesel RxL,Diesel,2015,Manual,"82,193 Kms","4,30,500"
1103,Maruti,1st Owner,New-Delhi,Ignis,1.2 AMT Delta BSIV,Petrol,2018,Automatic,"17,011 Kms","4,50,000"
1104,Maruti,1st Owner,Ghaziabad,Baleno,Zeta,Petrol,2016,Manual,"39,350 Kms","5,18,500"
1105,Maruti,1st Owner,New-Delhi,Celerio,VXI,Petrol,2016,Manual,"36,243 Kms","3,44,500"
1106,Hyundai,1st Owner,New-Delhi,Creta,1.6 CRDi AT SX Plus,Diesel,2016,Automatic,"96,195 Kms","9,26,500"
1107,Maruti,1st Owner,New-Delhi,Alto,LXi,Petrol,2012,Manual,"28,123 Kms","1,89,500"
1108,Maruti,1st Owner,Ghaziabad,Baleno,Alpha,Petrol,2019,Manual,"5,932 Kms","6,95,500"
1109,Ford,1st Owner,New-Delhi,Ecosport,1.5 Diesel Titanium,Diesel,2016,Manual,"87,967 Kms","6,05,000"
1110,Honda,2nd Owner,New-Delhi,Brio,S MT,Petrol,2012,Manual,"27,371 Kms","2,29,000"
1111,Maruti,1st Owner,New-Delhi,Celerio,ZXI Optional AMT BSIV,Petrol,2018,Automatic,"9,277 Kms","4,78,500"
1112,Honda,1st Owner,New-Delhi,Amaze,S i-Vtech,Petrol,2015,Manual,"65,873 Kms","3,78,500"
1113,Maruti,1st Owner,New-Delhi,Alto 800,VXI,Petrol,2017,Manual,"23,845 Kms","2,83,500"
1114,Maruti,1st Owner,New-Delhi,Alto 800,STD,Petrol,2019,Manual,"5,673 Kms","2,66,500"
1115,Hyundai,1st Owner,New-Delhi,Creta,1.4 E Plus,Diesel,2018,Manual,"17,013 Kms","9,17,500"
1116,Renault,1st Owner,New-Delhi,Duster,85PS Diesel RxL,Diesel,2015,Manual,"82,193 Kms","4,30,500"
1151,Hyundai,1st Owner,New-Delhi,Creta,1.4 E Plus,Diesel,2018,Manual,"17,013 Kms","9,17,500"
1152,Honda,1st Owner,New-Delhi,WR-V,i-DTEC S,Diesel,2018,Manual,"61,372 Kms","6,69,500"
1153,Toyota,1st Owner,New-Delhi,Etios,GD,Diesel,2012,Manual,"67,585 Kms","2,97,000"
1154,Maruti,1st Owner,New-Delhi,Vitara Brezza,ZDi,Diesel,2019,Manual,"46,244 Kms","8,42,500"
1155,Maruti,1st Owner,New-Delhi,Ciaz,ZDi Plus SHVS,Diesel,2017,Manual,"60,573 Kms","6,61,000"
1156,Maruti,1st Owner,New-Delhi,Ciaz,1.4 Sigma,Petrol,2017,Manual,"26,793 Kms","6,80,000"
1157,Ford,2nd Owner,New-Delhi,Ecosport,1.5 Diesel Titanium Plus BSIV,Diesel,2018,Manual,"80,505 Kms","7,38,000"
1158,Renault,1st Owner,New-Delhi,Duster,110PS Diesel RxL AMT,Diesel,2016,Automatic,"72,273 Kms","6,38,500"
1159,Maruti,1st Owner,New-Delhi,Vitara Brezza,ZDi AMT,Diesel,2019,Automatic,"49,697 Kms","8,47,000"
1160,Maruti,1st Owner,New-Delhi,Ciaz,VDi,Diesel,2015,Manual,"78,667 Kms","4,70,000"
1161,Maruti,1st Owner,New-Delhi,Ciaz,VDi Plus SHVS,Diesel,2016,Manual,"62,233 Kms","5,54,500"
1162,Maruti,1st Owner,New-Delhi,Baleno,1.2 Zeta,Petrol,2017,Manual,"42,924 Kms","5,44,500"
1163,Toyota,1st Owner,New-Delhi,Etios,VD,Diesel,2014,Manual,"57,513 Kms","4,38,500"
1164,Maruti,1st Owner,New-Delhi,Ciaz,VXi,Petrol,2016,Manual,"24,540 Kms","6,92,500"
1165,Ford,2nd Owner,New-Delhi,Ecosport,1.5 DV5 MT Titanium Optional,Diesel,2013,Manual,"91,401 Kms","4,18,000"
1166,Tata,1st Owner,New-Delhi,Altroz,XZ,Petrol,2020,Manual,"7,914 Kms","7,01,000"
1167,Hyundai,1st Owner,New-Delhi,i20 Active,1.4 S,Diesel,2015,Manual,"43,455 Kms","4,71,000"
1168,Nissan,2nd Owner,New-Delhi,Terrano,XV 110 PS,Diesel,2014,Manual,"85,542 Kms","4,31,500"
1169,Maruti,1st Owner,Gurgaon,Ciaz,VXi,Petrol,2016,Manual,"75,968 Kms","5,63,500"
1181,Maruti,1st Owner,Gurgaon,Swift,AMT VXI,Petrol,2019,Automatic,"20,831 Kms","6,22,500"
1190,Hyundai,1st Owner,New-Delhi,Creta,1.4 E Plus,Diesel,2018,Manual,"17,013 Kms","9,17,500"
1191,Honda,1st Owner,New-Delhi,WR-V,i-DTEC S,Diesel,2018,Manual,"61,372 Kms","6,69,500"
1192,Toyota,1st Owner,New-Delhi,Etios,GD,Diesel,2012,Manual,"67,585 Kms","2,97,000"
1193,Maruti,1st Owner,New-Delhi,Vitara Brezza,ZDi,Diesel,2019,Manual,"46,244 Kms","8,42,500"
1194,Maruti,1st Owner,New-Delhi,Ciaz,ZDi Plus SHVS,Diesel,2017,Manual,"60,573 Kms","6,61,000"
1195,Maruti,1st Owner,New-Delhi,Ciaz,1.4 Sigma,Petrol,2017,Manual,"26,793 Kms","6,80,000"
1196,Ford,2nd Owner,New-Delhi,Ecosport,1.5 Diesel Titanium Plus BSIV,Diesel,2018,Manual,"80,505 Kms","7,38,000"
1197,Renault,1st Owner,New-Delhi,Duster,110PS Diesel RxL AMT,Diesel,2016,Automatic,"72,273 Kms","6,38,500"
1198,Maruti,1st Owner,New-Delhi,Vitara Brezza,ZDi AMT,Diesel,2019,Automatic,"49,697 Kms","8,47,000"
1199,Maruti,1st Owner,New-Delhi,Ciaz,VDi,Diesel,2015,Manual,"78,667 Kms","4,70,000"
1200,Maruti,1st Owner,New-Delhi,Ciaz,VDi Plus SHVS,Diesel,2016,Manual,"62,233 Kms","5,54,500"
1201,Maruti,1st Owner,New-Delhi,Baleno,1.2 Zeta,Petrol,2017,Manual,"42,924 Kms","5,44,500"
1202,Toyota,1st Owner,New-Delhi,Etios,VD,Diesel,2014,Manual,"57,513 Kms","4,38,500"
1203,Maruti,1st Owner,New-Delhi,Ciaz,VXi,Petrol,2016,Manual,"24,540 Kms","6,92,500"
1204,Ford,2nd Owner,New-Delhi,Ecosport,1.5 DV5 MT Titanium Optional,Diesel,2013,Manual,"91,401 Kms","4,18,000"
1205,Tata,1st Owner,New-Delhi,Altroz,XZ,Petrol,2020,Manual,"7,914 Kms","7,01,000"
1206,Hyundai,1st Owner,New-Delhi,i20 Active,1.4 S,Diesel,2015,Manual,"43,455 Kms","4,71,000"
1207,Nissan,2nd Owner,New-Delhi,Terrano,XV 110 PS,Diesel,2014,Manual,"85,542 Kms","4,31,500"
1208,Maruti,1st Owner,Gurgaon,Ciaz,VXi,Petrol,2016,Manual,"75,968 Kms","5,63,500"
1220,Maruti,1st Owner,Gurgaon,Swift,AMT VXI,Petrol,2019,Automatic,"20,831 Kms","6,22,500"
1249,Hyundai,1st Owner,New-Delhi,Creta,1.4 E Plus,Diesel,2018,Manual,"17,013 Kms","9,17,500"
1250,Honda,1st Owner,New-Delhi,WR-V,i-DTEC S,Diesel,2018,Manual,"61,372 Kms","6,69,500"
1251,Toyota,1st Owner,New-Delhi,Etios,GD,Diesel,2012,Manual,"67,585 Kms","2,97,000"
1252,Maruti,1st Owner,New-Delhi,Vitara Brezza,ZDi,Diesel,2019,Manual,"46,244 Kms","8,42,500"
1253,Maruti,1st Owner,New-Delhi,Ciaz,ZDi Plus SHVS,Diesel,2017,Manual,"60,573 Kms","6,61,000"
1254,Maruti,1st Owner,New-Delhi,Ciaz,1.4 Sigma,Petrol,2017,Manual,"26,793 Kms","6,80,000"
1255,Ford,2nd Owner,New-Delhi,Ecosport,1.5 Diesel Titanium Plus BSIV,Diesel,2018,Manual,"80,505 Kms","7,38,000"
1256,Renault,1st Owner,New-Delhi,Duster,110PS Diesel RxL AMT,Diesel,2016,Automatic,"72,273 Kms","6,38,500"
1257,Maruti,1st Owner,New-Delhi,Vitara Brezza,ZDi AMT,Diesel,2019,Automatic,"49,697 Kms","8,47,000"
1258,Maruti,1st Owner,New-Delhi,Ciaz,VDi,Diesel,2015,Manual,"78,667 Kms","4,70,000"
1259,Maruti,1st Owner,New-Delhi,Ciaz,VDi Plus SHVS,Diesel,2016,Manual,"62,233 Kms","5,54,500"
1260,Maruti,1st Owner,New-Delhi,Baleno,1.2 Zeta,Petrol,2017,Manual,"42,924 Kms","5,44,500"
1261,Toyota,1st Owner,New-Delhi,Etios,VD,Diesel,2014,Manual,"57,513 Kms","4,38,500"
1262,Maruti,1st Owner,New-Delhi,Ciaz,VXi,Petrol,2016,Manual,"24,540 Kms","6,92,500"
1263,Ford,2nd Owner,New-Delhi,Ecosport,1.5 DV5 MT Titanium Optional,Diesel,2013,Manual,"91,401 Kms","4,18,000"
1264,Tata,1st Owner,New-Delhi,Altroz,XZ,Petrol,2020,Manual,"7,914 Kms","7,01,000"
1265,Hyundai,1st Owner,New-Delhi,i20 Active,1.4 S,Diesel,2015,Manual,"43,455 Kms","4,71,000"
1266,Nissan,2nd Owner,New-Delhi,Terrano,XV 110 PS,Diesel,2014,Manual,"85,542 Kms","4,31,500"
1267,Maruti,1st Owner,Gurgaon,Ciaz,VXi,Petrol,2016,Manual,"75,968 Kms","5,63,500"
1279,Maruti,1st Owner,Gurgaon,Swift,AMT VXI,Petrol,2019,Automatic,"20,831 Kms","6,22,500"
1315,Hyundai,2nd Owner,Gurgaon,Santro,Sportz AMT,Petrol,2019,Automatic,"12,111 Kms","4,92,000"
1327,Toyota,1st Owner,Gurgaon,Corolla Altis,G MT,Petrol,2016,Manual,"48,348 Kms","9,27,500"
1328,Hyundai,1st Owner,New-Delhi,Creta,1.4 E Plus,Diesel,2018,Manual,"17,013 Kms","9,17,500"
1329,Honda,1st Owner,New-Delhi,WR-V,i-DTEC S,Diesel,2018,Manual,"61,372 Kms","6,69,500"
1330,Toyota,1st Owner,New-Delhi,Etios,GD,Diesel,2012,Manual,"67,585 Kms","2,97,000"
1331,Maruti,1st Owner,New-Delhi,Vitara Brezza,ZDi,Diesel,2019,Manual,"46,244 Kms","8,42,500"
1332,Maruti,1st Owner,New-Delhi,Ciaz,ZDi Plus SHVS,Diesel,2017,Manual,"60,573 Kms","6,61,000"
1333,Maruti,1st Owner,New-Delhi,Ciaz,1.4 Sigma,Petrol,2017,Manual,"26,793 Kms","6,80,000"
1334,Ford,2nd Owner,New-Delhi,Ecosport,1.5 Diesel Titanium Plus BSIV,Diesel,2018,Manual,"80,505 Kms","7,38,000"
1335,Renault,1st Owner,New-Delhi,Duster,110PS Diesel RxL AMT,Diesel,2016,Automatic,"72,273 Kms","6,38,500"
1336,Maruti,1st Owner,New-Delhi,Vitara Brezza,ZDi AMT,Diesel,2019,Automatic,"49,697 Kms","8,47,000"
1337,Maruti,1st Owner,New-Delhi,Ciaz,VDi,Diesel,2015,Manual,"78,667 Kms","4,70,000"
1338,Maruti,1st Owner,New-Delhi,Ciaz,VDi Plus SHVS,Diesel,2016,Manual,"62,233 Kms","5,54,500"
1339,Maruti,1st Owner,New-Delhi,Baleno,1.2 Zeta,Petrol,2017,Manual,"42,924 Kms","5,44,500"
1340,Toyota,1st Owner,New-Delhi,Etios,VD,Diesel,2014,Manual,"57,513 Kms","4,38,500"
1341,Maruti,1st Owner,New-Delhi,Ciaz,VXi,Petrol,2016,Manual,"24,540 Kms","6,92,500"
1342,Ford,2nd Owner,New-Delhi,Ecosport,1.5 DV5 MT Titanium Optional,Diesel,2013,Manual,"91,401 Kms","4,18,000"
1343,Tata,1st Owner,New-Delhi,Altroz,XZ,Petrol,2020,Manual,"7,914 Kms","7,01,000"
1344,Hyundai,1st Owner,New-Delhi,i20 Active,1.4 S,Diesel,2015,Manual,"43,455 Kms","4,71,000"
1345,Nissan,2nd Owner,New-Delhi,Terrano,XV 110 PS,Diesel,2014,Manual,"85,542 Kms","4,31,500"
1346,Maruti,1st Owner,Gurgaon,Ciaz,VXi,Petrol,2016,Manual,"75,968 Kms","5,63,500"
1358,Maruti,1st Owner,Gurgaon,Swift,AMT VXI,Petrol,2019,Automatic,"20,831 Kms","6,22,500"
1394,Hyundai,2nd Owner,Gurgaon,Santro,Sportz AMT,Petrol,2019,Automatic,"12,111 Kms","4,92,000"
1406,Toyota,1st Owner,Gurgaon,Corolla Altis,G MT,Petrol,2016,Manual,"48,348 Kms","9,27,500"
1407,Maruti,1st Owner,Gurgaon,Alto 800,LXI BSIV,Petrol,2020,Manual,"1,877 Kms","3,71,000"
1422,Hyundai,1st Owner,Gurgaon,Creta,1.6 CRDi SX Plus,Diesel,2015,Manual,"119,103 Kms","7,97,500"
1427,Hyundai,1st Owner,New-Delhi,Creta,1.4 E Plus,Diesel,2018,Manual,"17,013 Kms","9,17,500"
1428,Honda,1st Owner,New-Delhi,WR-V,i-DTEC S,Diesel,2018,Manual,"61,372 Kms","6,69,500"
1429,Toyota,1st Owner,New-Delhi,Etios,GD,Diesel,2012,Manual,"67,585 Kms","2,97,000"
1430,Maruti,1st Owner,New-Delhi,Vitara Brezza,ZDi,Diesel,2019,Manual,"46,244 Kms","8,42,500"
1431,Maruti,1st Owner,New-Delhi,Ciaz,ZDi Plus SHVS,Diesel,2017,Manual,"60,573 Kms","6,61,000"
1432,Maruti,1st Owner,New-Delhi,Ciaz,1.4 Sigma,Petrol,2017,Manual,"26,793 Kms","6,80,000"
1433,Ford,2nd Owner,New-Delhi,Ecosport,1.5 Diesel Titanium Plus BSIV,Diesel,2018,Manual,"80,505 Kms","7,38,000"
1434,Renault,1st Owner,New-Delhi,Duster,110PS Diesel RxL AMT,Diesel,2016,Automatic,"72,273 Kms","6,38,500"
1435,Maruti,1st Owner,New-Delhi,Vitara Brezza,ZDi AMT,Diesel,2019,Automatic,"49,697 Kms","8,47,000"
1436,Maruti,1st Owner,New-Delhi,Ciaz,VDi,Diesel,2015,Manual,"78,667 Kms","4,70,000"
1437,Maruti,1st Owner,New-Delhi,Ciaz,VDi Plus SHVS,Diesel,2016,Manual,"62,233 Kms","5,54,500"
1438,Maruti,1st Owner,New-Delhi,Baleno,1.2 Zeta,Petrol,2017,Manual,"42,924 Kms","5,44,500"
1439,Toyota,1st Owner,New-Delhi,Etios,VD,Diesel,2014,Manual,"57,513 Kms","4,38,500"
1440,Maruti,1st Owner,New-Delhi,Ciaz,VXi,Petrol,2016,Manual,"24,540 Kms","6,92,500"
1441,Ford,2nd Owner,New-Delhi,Ecosport,1.5 DV5 MT Titanium Optional,Diesel,2013,Manual,"91,401 Kms","4,18,000"
1442,Tata,1st Owner,New-Delhi,Altroz,XZ,Petrol,2020,Manual,"7,914 Kms","7,01,000"
1443,Hyundai,1st Owner,New-Delhi,i20 Active,1.4 S,Diesel,2015,Manual,"43,455 Kms","4,71,000"
1444,Nissan,2nd Owner,New-Delhi,Terrano,XV 110 PS,Diesel,2014,Manual,"85,542 Kms","4,31,500"
1445,Maruti,1st Owner,Gurgaon,Ciaz,VXi,Petrol,2016,Manual,"75,968 Kms","5,63,500"
1457,Maruti,1st Owner,Gurgaon,Swift,AMT VXI,Petrol,2019,Automatic,"20,831 Kms","6,22,500"
1493,Hyundai,2nd Owner,Gurgaon,Santro,Sportz AMT,Petrol,2019,Automatic,"12,111 Kms","4,92,000"
1505,Toyota,1st Owner,Gurgaon,Corolla Altis,G MT,Petrol,2016,Manual,"48,348 Kms","9,27,500"
1506,Maruti,1st Owner,Gurgaon,Alto 800,LXI BSIV,Petrol,2020,Manual,"1,877 Kms","3,71,000"
1521,Hyundai,1st Owner,Gurgaon,Creta,1.6 CRDi SX Plus,Diesel,2015,Manual,"119,103 Kms","7,97,500"
1526,Maruti,1st Owner,Gurgaon,Alto K10,LXI Optional,Petrol,2017,Manual,"34,854 Kms","3,05,000"
1532,Maruti,1st Owner,Gurgaon,Celerio,VXI MT BSIV,Petrol,2018,Manual,"21,220 Kms","4,00,500"
1533,Renault,1st Owner,Gurgaon,KWID,RXL,Petrol,2019,Manual,"11,477 Kms","3,31,500"
1534,Maruti,1st Owner,Gurgaon,Wagon R,VXI,Petrol,2016,Manual,"52,509 Kms","3,45,000"
1535,Volkswagen,1st Owner,Gurgaon,Polo,1.0 MPI Highline Plus BSIV,Petrol,2019,Manual,"27,886 Kms","5,95,000"
1546,Honda,2nd Owner,Hyderabad,Jazz,V,Petrol,2015,Manual,"38,339 Kms","5,65,500"
1547,Maruti,1st Owner,Hyderabad,Celerio,ZXI Optional AMT BSIV,Petrol,2018,Automatic,"14,610 Kms","5,40,000"
1548,Hyundai,1st Owner,Hyderabad,Santro,Sportz BSIV,Petrol,2018,Manual,"23,849 Kms","4,67,000"
1549,Honda,1st Owner,Hyderabad,Amaze,VX i-DTEC,Diesel,2014,Manual,"104,292 Kms","4,70,500"
1550,Maruti,1st Owner,Hyderabad,Ciaz,Zeta,Petrol,2017,Manual,"15,018 Kms","7,03,000"
1551,Hyundai,1st Owner,Hyderabad,Grand i10,1.2 Kappa Asta,Petrol,2017,Manual,"25,760 Kms","5,88,000"
1552,Hyundai,1st Owner,Hyderabad,Verna,1.6 VTVT SX,Petrol,2016,Manual,"74,830 Kms","6,37,000"
1553,Maruti,1st Owner,Hyderabad,Ignis,Alpha,Petrol,2017,Manual,"19,957 Kms","5,73,500"
1554,Maruti,1st Owner,Hyderabad,Swift Dzire,VXI 1.2 BS IV,Petrol,2017,Manual,"38,463 Kms","6,33,500"
1555,Maruti,1st Owner,Hyderabad,Swift,VXI BSIV,Petrol,2019,Manual,"22,988 Kms","6,16,000"
1556,Maruti,1st Owner,Hyderabad,Swift,VXI BSIV,Petrol,2015,Manual,"66,487 Kms","4,45,500"
1557,Renault,1st Owner,Hyderabad,Duster,85PS Diesel RxL,Diesel,2015,Manual,"77,769 Kms","5,53,500"
1558,Maruti,1st Owner,Hyderabad,Wagon R,VXI,Petrol,2018,Manual,"14,890 Kms","4,53,000"
1559,Hyundai,1st Owner,Hyderabad,i20,1.4 Magna Executive,Diesel,2017,Manual,"40,899 Kms","6,08,500"
1561,Maruti,1st Owner,Hyderabad,Swift,AMT VXI,Petrol,2018,Automatic,"45,536 Kms","6,45,000"
1563,Maruti,1st Owner,Hyderabad,Swift Dzire,VXI 1.2 BS IV,Petrol,2017,Manual,"53,411 Kms","6,37,500"
1578,Honda,2nd Owner,Hyderabad,Jazz,V,Petrol,2015,Manual,"38,339 Kms","5,65,500"
1579,Maruti,1st Owner,Hyderabad,Celerio,ZXI Optional AMT BSIV,Petrol,2018,Automatic,"14,610 Kms","5,40,000"
1580,Hyundai,1st Owner,Hyderabad,Santro,Sportz BSIV,Petrol,2018,Manual,"23,849 Kms","4,67,000"
1581,Honda,1st Owner,Hyderabad,Amaze,VX i-DTEC,Diesel,2014,Manual,"104,292 Kms","4,70,500"
1582,Maruti,1st Owner,Hyderabad,Ciaz,Zeta,Petrol,2017,Manual,"15,018 Kms","7,03,000"
1583,Hyundai,1st Owner,Hyderabad,Grand i10,1.2 Kappa Asta,Petrol,2017,Manual,"25,760 Kms","5,88,000"
1584,Hyundai,1st Owner,Hyderabad,Verna,1.6 VTVT SX,Petrol,2016,Manual,"74,830 Kms","6,37,000"
1585,Maruti,1st Owner,Hyderabad,Ignis,Alpha,Petrol,2017,Manual,"19,957 Kms","5,73,500"
1586,Maruti,1st Owner,Hyderabad,Swift Dzire,VXI 1.2 BS IV,Petrol,2017,Manual,"38,463 Kms","6,33,500"
1587,Maruti,1st Owner,Hyderabad,Swift,VXI BSIV,Petrol,2019,Manual,"22,988 Kms","6,16,000"
1588,Maruti,1st Owner,Hyderabad,Swift,VXI BSIV,Petrol,2015,Manual,"66,487 Kms","4,45,500"
1589,Renault,1st Owner,Hyderabad,Duster,85PS Diesel RxL,Diesel,2015,Manual,"77,769 Kms","5,53,500"
1590,Maruti,1st Owner,Hyderabad,Wagon R,VXI,Petrol,2018,Manual,"14,890 Kms","4,53,000"
1591,Hyundai,1st Owner,Hyderabad,i20,1.4 Magna Executive,Diesel,2017,Manual,"40,899 Kms","6,08,500"
1593,Maruti,1st Owner,Hyderabad,Swift,AMT VXI,Petrol,2018,Automatic,"45,536 Kms","6,45,000"
1595,Maruti,1st Owner,Hyderabad,Swift Dzire,VXI 1.2 BS IV,Petrol,2017,Manual,"53,411 Kms","6,37,500"
1630,Honda,2nd Owner,Hyderabad,Jazz,V,Petrol,2015,Manual,"38,339 Kms","5,65,500"
1631,Maruti,1st Owner,Hyderabad,Celerio,ZXI Optional AMT BSIV,Petrol,2018,Automatic,"14,610 Kms","5,40,000"
1632,Hyundai,1st Owner,Hyderabad,Santro,Sportz BSIV,Petrol,2018,Manual,"23,849 Kms","4,67,000"
1633,Honda,1st Owner,Hyderabad,Amaze,VX i-DTEC,Diesel,2014,Manual,"104,292 Kms","4,70,500"
1634,Maruti,1st Owner,Hyderabad,Ciaz,Zeta,Petrol,2017,Manual,"15,018 Kms","7,03,000"
1635,Hyundai,1st Owner,Hyderabad,Grand i10,1.2 Kappa Asta,Petrol,2017,Manual,"25,760 Kms","5,88,000"
1636,Hyundai,1st Owner,Hyderabad,Verna,1.6 VTVT SX,Petrol,2016,Manual,"74,830 Kms","6,37,000"
1637,Maruti,1st Owner,Hyderabad,Ignis,Alpha,Petrol,2017,Manual,"19,957 Kms","5,73,500"
1638,Maruti,1st Owner,Hyderabad,Swift Dzire,VXI 1.2 BS IV,Petrol,2017,Manual,"38,463 Kms","6,33,500"
1639,Maruti,1st Owner,Hyderabad,Swift,VXI BSIV,Petrol,2019,Manual,"22,988 Kms","6,16,000"
1640,Maruti,1st Owner,Hyderabad,Swift,VXI BSIV,Petrol,2015,Manual,"66,487 Kms","4,45,500"
1641,Renault,1st Owner,Hyderabad,Duster,85PS Diesel RxL,Diesel,2015,Manual,"77,769 Kms","5,53,500"
1642,Maruti,1st Owner,Hyderabad,Wagon R,VXI,Petrol,2018,Manual,"14,890 Kms","4,53,000"
1643,Hyundai,1st Owner,Hyderabad,i20,1.4 Magna Executive,Diesel,2017,Manual,"40,899 Kms","6,08,500"
1645,Maruti,1st Owner,Hyderabad,Swift,AMT VXI,Petrol,2018,Automatic,"45,536 Kms","6,45,000"
1647,Maruti,1st Owner,Hyderabad,Swift Dzire,VXI 1.2 BS IV,Petrol,2017,Manual,"53,411 Kms","6,37,500"
1702,Honda,2nd Owner,Hyderabad,Jazz,V,Petrol,2015,Manual,"38,339 Kms","5,65,500"
1703,Maruti,1st Owner,Hyderabad,Celerio,ZXI Optional AMT BSIV,Petrol,2018,Automatic,"14,610 Kms","5,40,000"
1704,Hyundai,1st Owner,Hyderabad,Santro,Sportz BSIV,Petrol,2018,Manual,"23,849 Kms","4,67,000"
1705,Honda,1st Owner,Hyderabad,Amaze,VX i-DTEC,Diesel,2014,Manual,"104,292 Kms","4,70,500"
1706,Maruti,1st Owner,Hyderabad,Ciaz,Zeta,Petrol,2017,Manual,"15,018 Kms","7,03,000"
1707,Hyundai,1st Owner,Hyderabad,Grand i10,1.2 Kappa Asta,Petrol,2017,Manual,"25,760 Kms","5,88,000"
1708,Hyundai,1st Owner,Hyderabad,Verna,1.6 VTVT SX,Petrol,2016,Manual,"74,830 Kms","6,37,000"
1709,Maruti,1st Owner,Hyderabad,Ignis,Alpha,Petrol,2017,Manual,"19,957 Kms","5,73,500"
1710,Maruti,1st Owner,Hyderabad,Swift Dzire,VXI 1.2 BS IV,Petrol,2017,Manual,"38,463 Kms","6,33,500"
1711,Maruti,1st Owner,Hyderabad,Swift,VXI BSIV,Petrol,2019,Manual,"22,988 Kms","6,16,000"
1712,Maruti,1st Owner,Hyderabad,Swift,VXI BSIV,Petrol,2015,Manual,"66,487 Kms","4,45,500"
1713,Renault,1st Owner,Hyderabad,Duster,85PS Diesel RxL,Diesel,2015,Manual,"77,769 Kms","5,53,500"
1714,Maruti,1st Owner,Hyderabad,Wagon R,VXI,Petrol,2018,Manual,"14,890 Kms","4,53,000"
1715,Hyundai,1st Owner,Hyderabad,i20,1.4 Magna Executive,Diesel,2017,Manual,"40,899 Kms","6,08,500"
1717,Maruti,1st Owner,Hyderabad,Swift,AMT VXI,Petrol,2018,Automatic,"45,536 Kms","6,45,000"
1719,Maruti,1st Owner,Hyderabad,Swift Dzire,VXI 1.2 BS IV,Petrol,2017,Manual,"53,411 Kms","6,37,500"
1794,Honda,2nd Owner,Hyderabad,Jazz,V,Petrol,2015,Manual,"38,339 Kms","5,65,500"
1795,Maruti,1st Owner,Hyderabad,Celerio,ZXI Optional AMT BSIV,Petrol,2018,Automatic,"14,610 Kms","5,40,000"
1796,Hyundai,1st Owner,Hyderabad,Santro,Sportz BSIV,Petrol,2018,Manual,"23,849 Kms","4,67,000"
1797,Honda,1st Owner,Hyderabad,Amaze,VX i-DTEC,Diesel,2014,Manual,"104,292 Kms","4,70,500"
1798,Maruti,1st Owner,Hyderabad,Ciaz,Zeta,Petrol,2017,Manual,"15,018 Kms","7,03,000"
1799,Hyundai,1st Owner,Hyderabad,Grand i10,1.2 Kappa Asta,Petrol,2017,Manual,"25,760 Kms","5,88,000"
1800,Hyundai,1st Owner,Hyderabad,Verna,1.6 VTVT SX,Petrol,2016,Manual,"74,830 Kms","6,37,000"
1801,Maruti,1st Owner,Hyderabad,Ignis,Alpha,Petrol,2017,Manual,"19,957 Kms","5,73,500"
1802,Maruti,1st Owner,Hyderabad,Swift Dzire,VXI 1.2 BS IV,Petrol,2017,Manual,"38,463 Kms","6,33,500"
1803,Maruti,1st Owner,Hyderabad,Swift,VXI BSIV,Petrol,2019,Manual,"22,988 Kms","6,16,000"
1804,Maruti,1st Owner,Hyderabad,Swift,VXI BSIV,Petrol,2015,Manual,"66,487 Kms","4,45,500"
1805,Renault,1st Owner,Hyderabad,Duster,85PS Diesel RxL,Diesel,2015,Manual,"77,769 Kms","5,53,500"
1806,Maruti,1st Owner,Hyderabad,Wagon R,VXI,Petrol,2018,Manual,"14,890 Kms","4,53,000"
1807,Hyundai,1st Owner,Hyderabad,i20,1.4 Magna Executive,Diesel,2017,Manual,"40,899 Kms","6,08,500"
1809,Maruti,1st Owner,Hyderabad,Swift,AMT VXI,Petrol,2018,Automatic,"45,536 Kms","6,45,000"
1811,Maruti,1st Owner,Hyderabad,Swift Dzire,VXI 1.2 BS IV,Petrol,2017,Manual,"53,411 Kms","6,37,500"
1905,Hyundai,1st Owner,Jaipur,Grand i10 Nios,Sportz,Petrol,2021,Manual,"1,234 Kms","6,40,000"
1906,Mahindra,2nd Owner,Kota,XUV300,W8 Option Diesel BSIV,Diesel,2019,Manual,"41,395 Kms","10,25,778"
1907,Maruti,1st Owner,Alwar,Alto 800,LXI,Petrol,2015,Manual,"50,485 Kms","3,03,512"
1908,Maruti,1st Owner,Kota,Baleno,1.2 Delta,Petrol,2016,Manual,"46,024 Kms","5,67,500"
1909,Maruti,1st Owner,Alwar,Alto 800,LXI,Petrol,2017,Manual,"11,708 Kms","3,43,530"
1910,Maruti,1st Owner,Jaipur,Celerio,ZXI Optional,Petrol,2016,Manual,"14,762 Kms","4,28,022"
1911,Maruti,1st Owner,Jaipur,S-Presso,STD,Petrol,2019,Manual,"1,577 Kms","3,51,000"
1912,Toyota,1st Owner,Jaipur,Etios Liva,GD SP,Diesel,2013,Manual,"103,561 Kms","3,91,000"
1913,Maruti,1st Owner,Jaipur,Vitara Brezza,ZDi Plus,Diesel,2019,Manual,"36,521 Kms","9,77,500"
1914,Hyundai,1st Owner,Jaipur,i20,1.2 Spotz,Petrol,2018,Manual,"17,723 Kms","6,39,588"
1915,Maruti,1st Owner,Jaipur,Ignis,1.2 Delta BSIV,Petrol,2018,Manual,"14,302 Kms","5,07,500"
1916,Maruti,1st Owner,Jaipur,Swift Dzire,VDI,Diesel,2015,Manual,"77,482 Kms","5,59,560"
1917,Skoda,1st Owner,Jaipur,Rapid,1.5 TDI Style BSIV,Diesel,2017,Manual,"71,258 Kms","7,37,805"
1918,Hyundai,1st Owner,Kota,Venue,SX Turbo,Petrol,2020,Manual,"8,364 Kms","10,39,400"
1919,Maruti,1st Owner,Jaipur,Alto K10,VXI,Petrol,2015,Manual,"13,428 Kms","3,53,600"
1920,Hyundai,1st Owner,Jaipur,Grand i10,1.2 Kappa Sportz BSIV,Petrol,2019,Manual,"8,098 Kms","6,12,010"
1921,Hyundai,2nd Owner,Jaipur,Grand i10,CRDi Sportz,Diesel,2016,Manual,"75,923 Kms","4,21,000"
1922,Renault,1st Owner,Jaipur,KWID,1.0,Petrol,2017,Manual,"23,635 Kms","3,31,000"
1923,Renault,1st Owner,Jaipur,KWID,RXT,Petrol,2017,Manual,"34,901 Kms","2,96,000"
1924,Maruti,1st Owner,Jaipur,Baleno,Alpha,Petrol,2020,Manual,"14,975 Kms","7,50,000"
1943,Maruti,1st Owner,Jaipur,Swift,VDI BSIV,Diesel,2011,Manual,"38,437 Kms","3,80,350"
1945,Hyundai,1st Owner,Jaipur,Grand i10 Nios,Sportz,Petrol,2021,Manual,"1,234 Kms","6,40,000"
1946,Mahindra,2nd Owner,Kota,XUV300,W8 Option Diesel BSIV,Diesel,2019,Manual,"41,395 Kms","10,25,778"
1947,Maruti,1st Owner,Alwar,Alto 800,LXI,Petrol,2015,Manual,"50,485 Kms","3,03,512"
1948,Maruti,1st Owner,Kota,Baleno,1.2 Delta,Petrol,2016,Manual,"46,024 Kms","5,67,500"
1949,Maruti,1st Owner,Alwar,Alto 800,LXI,Petrol,2017,Manual,"11,708 Kms","3,43,530"
1950,Maruti,1st Owner,Jaipur,Celerio,ZXI Optional,Petrol,2016,Manual,"14,762 Kms","4,28,022"
1951,Maruti,1st Owner,Jaipur,S-Presso,STD,Petrol,2019,Manual,"1,577 Kms","3,51,000"
1952,Toyota,1st Owner,Jaipur,Etios Liva,GD SP,Diesel,2013,Manual,"103,561 Kms","3,91,000"
1953,Maruti,1st Owner,Jaipur,Vitara Brezza,ZDi Plus,Diesel,2019,Manual,"36,521 Kms","9,77,500"
1954,Hyundai,1st Owner,Jaipur,i20,1.2 Spotz,Petrol,2018,Manual,"17,723 Kms","6,39,588"
1955,Maruti,1st Owner,Jaipur,Ignis,1.2 Delta BSIV,Petrol,2018,Manual,"14,302 Kms","5,07,500"
1956,Maruti,1st Owner,Jaipur,Swift Dzire,VDI,Diesel,2015,Manual,"77,482 Kms","5,59,560"
1957,Skoda,1st Owner,Jaipur,Rapid,1.5 TDI Style BSIV,Diesel,2017,Manual,"71,258 Kms","7,37,805"
1958,Hyundai,1st Owner,Kota,Venue,SX Turbo,Petrol,2020,Manual,"8,364 Kms","10,39,400"
1959,Maruti,1st Owner,Jaipur,Alto K10,VXI,Petrol,2015,Manual,"13,428 Kms","3,53,600"
1960,Hyundai,1st Owner,Jaipur,Grand i10,1.2 Kappa Sportz BSIV,Petrol,2019,Manual,"8,098 Kms","6,12,010"
1961,Hyundai,2nd Owner,Jaipur,Grand i10,CRDi Sportz,Diesel,2016,Manual,"75,923 Kms","4,21,000"
1962,Renault,1st Owner,Jaipur,KWID,1.0,Petrol,2017,Manual,"23,635 Kms","3,31,000"
1963,Renault,1st Owner,Jaipur,KWID,RXT,Petrol,2017,Manual,"34,901 Kms","2,96,000"
1964,Maruti,1st Owner,Jaipur,Baleno,Alpha,Petrol,2020,Manual,"14,975 Kms","7,50,000"
1983,Maruti,1st Owner,Jaipur,Swift,VDI BSIV,Diesel,2011,Manual,"38,437 Kms","3,80,350"
2003,Maruti,1st Owner,Jaipur,Swift Dzire,VXI 1.2 BS IV,Petrol,2018,Manual,"18,830 Kms","6,87,500"
2005,Hyundai,1st Owner,Jaipur,Grand i10 Nios,Sportz,Petrol,2021,Manual,"1,234 Kms","6,40,000"
2006,Mahindra,2nd Owner,Kota,XUV300,W8 Option Diesel BSIV,Diesel,2019,Manual,"41,395 Kms","10,25,778"
2007,Maruti,1st Owner,Alwar,Alto 800,LXI,Petrol,2015,Manual,"50,485 Kms","3,03,512"
2008,Maruti,1st Owner,Kota,Baleno,1.2 Delta,Petrol,2016,Manual,"46,024 Kms","5,67,500"
2009,Maruti,1st Owner,Alwar,Alto 800,LXI,Petrol,2017,Manual,"11,708 Kms","3,43,530"
2010,Maruti,1st Owner,Jaipur,Celerio,ZXI Optional,Petrol,2016,Manual,"14,762 Kms","4,28,022"
2011,Maruti,1st Owner,Jaipur,S-Presso,STD,Petrol,2019,Manual,"1,577 Kms","3,51,000"
2012,Toyota,1st Owner,Jaipur,Etios Liva,GD SP,Diesel,2013,Manual,"103,561 Kms","3,91,000"
2013,Maruti,1st Owner,Jaipur,Vitara Brezza,ZDi Plus,Diesel,2019,Manual,"36,521 Kms","9,77,500"
2014,Hyundai,1st Owner,Jaipur,i20,1.2 Spotz,Petrol,2018,Manual,"17,723 Kms","6,39,588"
2015,Maruti,1st Owner,Jaipur,Ignis,1.2 Delta BSIV,Petrol,2018,Manual,"14,302 Kms","5,07,500"
2016,Maruti,1st Owner,Jaipur,Swift Dzire,VDI,Diesel,2015,Manual,"77,482 Kms","5,59,560"
2017,Skoda,1st Owner,Jaipur,Rapid,1.5 TDI Style BSIV,Diesel,2017,Manual,"71,258 Kms","7,37,805"
2018,Hyundai,1st Owner,Kota,Venue,SX Turbo,Petrol,2020,Manual,"8,364 Kms","10,39,400"
2019,Maruti,1st Owner,Jaipur,Alto K10,VXI,Petrol,2015,Manual,"13,428 Kms","3,53,600"
2020,Hyundai,1st Owner,Jaipur,Grand i10,1.2 Kappa Sportz BSIV,Petrol,2019,Manual,"8,098 Kms","6,12,010"
2021,Hyundai,2nd Owner,Jaipur,Grand i10,CRDi Sportz,Diesel,2016,Manual,"75,923 Kms","4,21,000"
2022,Renault,1st Owner,Jaipur,KWID,1.0,Petrol,2017,Manual,"23,635 Kms","3,31,000"
2023,Renault,1st Owner,Jaipur,KWID,RXT,Petrol,2017,Manual,"34,901 Kms","2,96,000"
2024,Maruti,1st Owner,Jaipur,Baleno,Alpha,Petrol,2020,Manual,"14,975 Kms","7,50,000"
2043,Maruti,1st Owner,Jaipur,Swift,VDI BSIV,Diesel,2011,Manual,"38,437 Kms","3,80,350"
2063,Maruti,1st Owner,Jaipur,Swift Dzire,VXI 1.2 BS IV,Petrol,2018,Manual,"18,830 Kms","6,87,500"
2085,Hyundai,1st Owner,Jaipur,Grand i10 Nios,Sportz,Petrol,2021,Manual,"1,234 Kms","6,40,000"
2086,Mahindra,2nd Owner,Kota,XUV300,W8 Option Diesel BSIV,Diesel,2019,Manual,"41,395 Kms","10,25,778"
2087,Maruti,1st Owner,Alwar,Alto 800,LXI,Petrol,2015,Manual,"50,485 Kms","3,03,512"
2088,Maruti,1st Owner,Kota,Baleno,1.2 Delta,Petrol,2016,Manual,"46,024 Kms","5,67,500"
2089,Maruti,1st Owner,Alwar,Alto 800,LXI,Petrol,2017,Manual,"11,708 Kms","3,43,530"
2090,Maruti,1st Owner,Jaipur,Celerio,ZXI Optional,Petrol,2016,Manual,"14,762 Kms","4,28,022"
2091,Maruti,1st Owner,Jaipur,S-Presso,STD,Petrol,2019,Manual,"1,577 Kms","3,51,000"
2092,Toyota,1st Owner,Jaipur,Etios Liva,GD SP,Diesel,2013,Manual,"103,561 Kms","3,91,000"
2093,Maruti,1st Owner,Jaipur,Vitara Brezza,ZDi Plus,Diesel,2019,Manual,"36,521 Kms","9,77,500"
2094,Hyundai,1st Owner,Jaipur,i20,1.2 Spotz,Petrol,2018,Manual,"17,723 Kms","6,39,588"
2095,Maruti,1st Owner,Jaipur,Ignis,1.2 Delta BSIV,Petrol,2018,Manual,"14,302 Kms","5,07,500"
2096,Maruti,1st Owner,Jaipur,Swift Dzire,VDI,Diesel,2015,Manual,"77,482 Kms","5,59,560"
2097,Skoda,1st Owner,Jaipur,Rapid,1.5 TDI Style BSIV,Diesel,2017,Manual,"71,258 Kms","7,37,805"
2098,Hyundai,1st Owner,Kota,Venue,SX Turbo,Petrol,2020,Manual,"8,364 Kms","10,39,400"
2099,Maruti,1st Owner,Jaipur,Alto K10,VXI,Petrol,2015,Manual,"13,428 Kms","3,53,600"
2100,Hyundai,1st Owner,Jaipur,Grand i10,1.2 Kappa Sportz BSIV,Petrol,2019,Manual,"8,098 Kms","6,12,010"
2101,Hyundai,2nd Owner,Jaipur,Grand i10,CRDi Sportz,Diesel,2016,Manual,"75,923 Kms","4,21,000"
2102,Renault,1st Owner,Jaipur,KWID,1.0,Petrol,2017,Manual,"23,635 Kms","3,31,000"
2103,Renault,1st Owner,Jaipur,KWID,RXT,Petrol,2017,Manual,"34,901 Kms","2,96,000"
2104,Maruti,1st Owner,Jaipur,Baleno,Alpha,Petrol,2020,Manual,"14,975 Kms","7,50,000"
2123,Maruti,1st Owner,Jaipur,Swift,VDI BSIV,Diesel,2011,Manual,"38,437 Kms","3,80,350"
2143,Maruti,1st Owner,Jaipur,Swift Dzire,VXI 1.2 BS IV,Petrol,2018,Manual,"18,830 Kms","6,87,500"
2185,Hyundai,1st Owner,Jaipur,Grand i10 Nios,Sportz,Petrol,2021,Manual,"1,234 Kms","6,40,000"
2186,Mahindra,2nd Owner,Kota,XUV300,W8 Option Diesel BSIV,Diesel,2019,Manual,"41,395 Kms","10,25,778"
2187,Maruti,1st Owner,Alwar,Alto 800,LXI,Petrol,2015,Manual,"50,485 Kms","3,03,512"
2188,Maruti,1st Owner,Kota,Baleno,1.2 Delta,Petrol,2016,Manual,"46,024 Kms","5,67,500"
2189,Maruti,1st Owner,Alwar,Alto 800,LXI,Petrol,2017,Manual,"11,708 Kms","3,43,530"
2190,Maruti,1st Owner,Jaipur,Celerio,ZXI Optional,Petrol,2016,Manual,"14,762 Kms","4,28,022"
2191,Maruti,1st Owner,Jaipur,S-Presso,STD,Petrol,2019,Manual,"1,577 Kms","3,51,000"
2192,Toyota,1st Owner,Jaipur,Etios Liva,GD SP,Diesel,2013,Manual,"103,561 Kms","3,91,000"
2193,Maruti,1st Owner,Jaipur,Vitara Brezza,ZDi Plus,Diesel,2019,Manual,"36,521 Kms","9,77,500"
2194,Hyundai,1st Owner,Jaipur,i20,1.2 Spotz,Petrol,2018,Manual,"17,723 Kms","6,39,588"
2195,Maruti,1st Owner,Jaipur,Ignis,1.2 Delta BSIV,Petrol,2018,Manual,"14,302 Kms","5,07,500"
2196,Maruti,1st Owner,Jaipur,Swift Dzire,VDI,Diesel,2015,Manual,"77,482 Kms","5,59,560"
2197,Skoda,1st Owner,Jaipur,Rapid,1.5 TDI Style BSIV,Diesel,2017,Manual,"71,258 Kms","7,37,805"
2198,Hyundai,1st Owner,Kota,Venue,SX Turbo,Petrol,2020,Manual,"8,364 Kms","10,39,400"
2199,Maruti,1st Owner,Jaipur,Alto K10,VXI,Petrol,2015,Manual,"13,428 Kms","3,53,600"
2200,Hyundai,1st Owner,Jaipur,Grand i10,1.2 Kappa Sportz BSIV,Petrol,2019,Manual,"8,098 Kms","6,12,010"
2201,Hyundai,2nd Owner,Jaipur,Grand i10,CRDi Sportz,Diesel,2016,Manual,"75,923 Kms","4,21,000"
2202,Renault,1st Owner,Jaipur,KWID,1.0,Petrol,2017,Manual,"23,635 Kms","3,31,000"
2203,Renault,1st Owner,Jaipur,KWID,RXT,Petrol,2017,Manual,"34,901 Kms","2,96,000"
2204,Maruti,1st Owner,Jaipur,Baleno,Alpha,Petrol,2020,Manual,"14,975 Kms","7,50,000"
2223,Maruti,1st Owner,Jaipur,Swift,VDI BSIV,Diesel,2011,Manual,"38,437 Kms","3,80,350"
2243,Maruti,1st Owner,Jaipur,Swift Dzire,VXI 1.2 BS IV,Petrol,2018,Manual,"18,830 Kms","6,87,500"
2288,Hyundai,1st Owner,Jaipur,Grand i10,Sportz,Petrol,2015,Manual,"23,189 Kms","4,76,500"
2291,Hyundai,1st Owner,Jaipur,Grand i10,1.2 Kappa Magna BSIV,Petrol,2018,Manual,"50,067 Kms","4,96,325"
2296,Renault,1st Owner,Jaipur,KWID,RXL,Petrol,2018,Manual,"1,355 Kms","3,40,586"
2700,Maruti,2nd Owner,Mumbai,SX4,Vxi BSIII,Petrol,2009,Manual,"33,725 Kms","1,72,000"
2701,Maruti,1st Owner,Mumbai,Celerio,ZXI Optional AMT BSIV,Petrol,2018,Automatic,"26,689 Kms","5,51,500"
2702,Maruti,1st Owner,Mumbai,Celerio,ZXI Optional MT BSIV,Petrol,2015,Manual,"60,086 Kms","3,93,000"
2703,Maruti,2nd Owner,Mumbai,Celerio,VXI,Petrol,2017,Manual,"28,176 Kms","4,00,000"
2704,Maruti,1st Owner,Mumbai,Celerio,ZXI Optional AMT BSIV,Petrol,2018,Automatic,"21,855 Kms","5,58,000"
2705,Maruti,1st Owner,Mumbai,Wagon R,AMT VXI,Petrol,2016,Automatic,"18,363 Kms","4,44,500"
2706,Hyundai,1st Owner,Mumbai,Grand i10,Magna,Petrol,2014,Manual,"31,884 Kms","4,06,500"
2707,Hyundai,2nd Owner,Mumbai,i20,Asta Option 1.4 CRDi,Diesel,2014,Manual,"80,925 Kms","5,19,500"
2708,Maruti,1st Owner,Mumbai,Wagon R,VXI Opt,Petrol,2016,Manual,"58,472 Kms","3,70,000"
2709,Hyundai,1st Owner,Mumbai,i20 Active,1.2 S,Petrol,2017,Manual,"47,113 Kms","5,76,000"
2710,Maruti,1st Owner,Mumbai,Celerio,ZXI Optional,Petrol,2015,Manual,"33,818 Kms","4,29,500"
2711,Hyundai,1st Owner,Mumbai,i20,Asta 1.2,Petrol,2015,Manual,"56,817 Kms","5,66,500"
2712,Hyundai,1st Owner,Mumbai,Grand i10,1.2 Kappa Magna BSIV,Petrol,2019,Manual,"3,811 Kms","5,08,500"
2713,Hyundai,1st Owner,Mumbai,i20,Sportz 1.2,Petrol,2015,Manual,"33,507 Kms","5,62,500"
2721,Maruti,2nd Owner,Mumbai,SX4,Vxi BSIII,Petrol,2009,Manual,"33,725 Kms","1,72,000"
2722,Maruti,1st Owner,Mumbai,Celerio,ZXI Optional AMT BSIV,Petrol,2018,Automatic,"26,689 Kms","5,51,500"
2723,Maruti,1st Owner,Mumbai,Celerio,ZXI Optional MT BSIV,Petrol,2015,Manual,"60,086 Kms","3,93,000"
2724,Maruti,2nd Owner,Mumbai,Celerio,VXI,Petrol,2017,Manual,"28,176 Kms","4,00,000"
2725,Maruti,1st Owner,Mumbai,Celerio,ZXI Optional AMT BSIV,Petrol,2018,Automatic,"21,855 Kms","5,58,000"
2726,Maruti,1st Owner,Mumbai,Wagon R,AMT VXI,Petrol,2016,Automatic,"18,363 Kms","4,44,500"
2727,Hyundai,1st Owner,Mumbai,Grand i10,Magna,Petrol,2014,Manual,"31,884 Kms","4,06,500"
2728,Hyundai,2nd Owner,Mumbai,i20,Asta Option 1.4 CRDi,Diesel,2014,Manual,"80,925 Kms","5,19,500"
2729,Maruti,1st Owner,Mumbai,Wagon R,VXI Opt,Petrol,2016,Manual,"58,472 Kms","3,70,000"
2730,Hyundai,1st Owner,Mumbai,i20 Active,1.2 S,Petrol,2017,Manual,"47,113 Kms","5,76,000"
2731,Maruti,1st Owner,Mumbai,Celerio,ZXI Optional,Petrol,2015,Manual,"33,818 Kms","4,29,500"
2732,Hyundai,1st Owner,Mumbai,i20,Asta 1.2,Petrol,2015,Manual,"56,817 Kms","5,66,500"
2733,Hyundai,1st Owner,Mumbai,Grand i10,1.2 Kappa Magna BSIV,Petrol,2019,Manual,"3,811 Kms","5,08,500"
2734,Hyundai,1st Owner,Mumbai,i20,Sportz 1.2,Petrol,2015,Manual,"33,507 Kms","5,62,500"
2756,Maruti,2nd Owner,Mumbai,SX4,Vxi BSIII,Petrol,2009,Manual,"33,725 Kms","1,72,000"
2757,Maruti,1st Owner,Mumbai,Celerio,ZXI Optional AMT BSIV,Petrol,2018,Automatic,"26,689 Kms","5,51,500"
2758,Maruti,1st Owner,Mumbai,Celerio,ZXI Optional MT BSIV,Petrol,2015,Manual,"60,086 Kms","3,93,000"
2759,Maruti,2nd Owner,Mumbai,Celerio,VXI,Petrol,2017,Manual,"28,176 Kms","4,00,000"
2760,Maruti,1st Owner,Mumbai,Celerio,ZXI Optional AMT BSIV,Petrol,2018,Automatic,"21,855 Kms","5,58,000"
2761,Maruti,1st Owner,Mumbai,Wagon R,AMT VXI,Petrol,2016,Automatic,"18,363 Kms","4,44,500"
2762,Hyundai,1st Owner,Mumbai,Grand i10,Magna,Petrol,2014,Manual,"31,884 Kms","4,06,500"
2763,Hyundai,2nd Owner,Mumbai,i20,Asta Option 1.4 CRDi,Diesel,2014,Manual,"80,925 Kms","5,19,500"
2764,Maruti,1st Owner,Mumbai,Wagon R,VXI Opt,Petrol,2016,Manual,"58,472 Kms","3,70,000"
2765,Hyundai,1st Owner,Mumbai,i20 Active,1.2 S,Petrol,2017,Manual,"47,113 Kms","5,76,000"
2766,Maruti,1st Owner,Mumbai,Celerio,ZXI Optional,Petrol,2015,Manual,"33,818 Kms","4,29,500"
2767,Hyundai,1st Owner,Mumbai,i20,Asta 1.2,Petrol,2015,Manual,"56,817 Kms","5,66,500"
2768,Hyundai,1st Owner,Mumbai,Grand i10,1.2 Kappa Magna BSIV,Petrol,2019,Manual,"3,811 Kms","5,08,500"
2769,Hyundai,1st Owner,Mumbai,i20,Sportz 1.2,Petrol,2015,Manual,"33,507 Kms","5,62,500"
2811,Maruti,2nd Owner,Mumbai,SX4,Vxi BSIII,Petrol,2009,Manual,"33,725 Kms","1,72,000"
2812,Maruti,1st Owner,Mumbai,Celerio,ZXI Optional AMT BSIV,Petrol,2018,Automatic,"26,689 Kms","5,51,500"
2813,Maruti,1st Owner,Mumbai,Celerio,ZXI Optional MT BSIV,Petrol,2015,Manual,"60,086 Kms","3,93,000"
2814,Maruti,2nd Owner,Mumbai,Celerio,VXI,Petrol,2017,Manual,"28,176 Kms","4,00,000"
2815,Maruti,1st Owner,Mumbai,Celerio,ZXI Optional AMT BSIV,Petrol,2018,Automatic,"21,855 Kms","5,58,000"
2816,Maruti,1st Owner,Mumbai,Wagon R,AMT VXI,Petrol,2016,Automatic,"18,363 Kms","4,44,500"
2817,Hyundai,1st Owner,Mumbai,Grand i10,Magna,Petrol,2014,Manual,"31,884 Kms","4,06,500"
2818,Hyundai,2nd Owner,Mumbai,i20,Asta Option 1.4 CRDi,Diesel,2014,Manual,"80,925 Kms","5,19,500"
2819,Maruti,1st Owner,Mumbai,Wagon R,VXI Opt,Petrol,2016,Manual,"58,472 Kms","3,70,000"
2820,Hyundai,1st Owner,Mumbai,i20 Active,1.2 S,Petrol,2017,Manual,"47,113 Kms","5,76,000"
2821,Maruti,1st Owner,Mumbai,Celerio,ZXI Optional,Petrol,2015,Manual,"33,818 Kms","4,29,500"
2822,Hyundai,1st Owner,Mumbai,i20,Asta 1.2,Petrol,2015,Manual,"56,817 Kms","5,66,500"
2823,Hyundai,1st Owner,Mumbai,Grand i10,1.2 Kappa Magna BSIV,Petrol,2019,Manual,"3,811 Kms","5,08,500"
2824,Hyundai,1st Owner,Mumbai,i20,Sportz 1.2,Petrol,2015,Manual,"33,507 Kms","5,62,500"
2886,Maruti,2nd Owner,Mumbai,SX4,Vxi BSIII,Petrol,2009,Manual,"33,725 Kms","1,72,000"
2887,Maruti,1st Owner,Mumbai,Celerio,ZXI Optional AMT BSIV,Petrol,2018,Automatic,"26,689 Kms","5,51,500"
2888,Maruti,1st Owner,Mumbai,Celerio,ZXI Optional MT BSIV,Petrol,2015,Manual,"60,086 Kms","3,93,000"
2889,Maruti,2nd Owner,Mumbai,Celerio,VXI,Petrol,2017,Manual,"28,176 Kms","4,00,000"
2890,Maruti,1st Owner,Mumbai,Celerio,ZXI Optional AMT BSIV,Petrol,2018,Automatic,"21,855 Kms","5,58,000"
2891,Maruti,1st Owner,Mumbai,Wagon R,AMT VXI,Petrol,2016,Automatic,"18,363 Kms","4,44,500"
2892,Hyundai,1st Owner,Mumbai,Grand i10,Magna,Petrol,2014,Manual,"31,884 Kms","4,06,500"
2893,Hyundai,2nd Owner,Mumbai,i20,Asta Option 1.4 CRDi,Diesel,2014,Manual,"80,925 Kms","5,19,500"
2894,Maruti,1st Owner,Mumbai,Wagon R,VXI Opt,Petrol,2016,Manual,"58,472 Kms","3,70,000"
2895,Hyundai,1st Owner,Mumbai,i20 Active,1.2 S,Petrol,2017,Manual,"47,113 Kms","5,76,000"
2896,Maruti,1st Owner,Mumbai,Celerio,ZXI Optional,Petrol,2015,Manual,"33,818 Kms","4,29,500"
2897,Hyundai,1st Owner,Mumbai,i20,Asta 1.2,Petrol,2015,Manual,"56,817 Kms","5,66,500"
2898,Hyundai,1st Owner,Mumbai,Grand i10,1.2 Kappa Magna BSIV,Petrol,2019,Manual,"3,811 Kms","5,08,500"
2899,Hyundai,1st Owner,Mumbai,i20,Sportz 1.2,Petrol,2015,Manual,"33,507 Kms","5,62,500"
2981,Maruti,1st Owner,New-Delhi,Ignis,1.2 AMT Delta BSIV,Petrol,2018,Automatic,"17,011 Kms","4,50,000"
2982,Maruti,1st Owner,New-Delhi,Celerio,VXI,Petrol,2016,Manual,"36,243 Kms","3,44,500"
2983,Hyundai,1st Owner,New-Delhi,Creta,1.6 CRDi AT SX Plus,Diesel,2016,Automatic,"96,195 Kms","9,26,500"
2984,Maruti,1st Owner,New-Delhi,Alto,LXi,Petrol,2012,Manual,"28,123 Kms","1,89,500"
2985,Ford,1st Owner,New-Delhi,Ecosport,1.5 Diesel Titanium,Diesel,2016,Manual,"87,967 Kms","6,05,000"
2986,Honda,2nd Owner,New-Delhi,Brio,S MT,Petrol,2012,Manual,"27,371 Kms","2,29,000"
2987,Maruti,1st Owner,New-Delhi,Celerio,ZXI Optional AMT BSIV,Petrol,2018,Automatic,"9,277 Kms","4,78,500"
2988,Honda,1st Owner,New-Delhi,Amaze,S i-Vtech,Petrol,2015,Manual,"65,873 Kms","3,78,500"
2989,Maruti,1st Owner,New-Delhi,Alto 800,VXI,Petrol,2017,Manual,"23,845 Kms","2,83,500"
2990,Maruti,1st Owner,New-Delhi,Alto 800,STD,Petrol,2019,Manual,"5,673 Kms","2,66,500"
2991,Hyundai,1st Owner,New-Delhi,Creta,1.4 E Plus,Diesel,2018,Manual,"17,013 Kms","9,17,500"
2992,Renault,1st Owner,New-Delhi,Duster,85PS Diesel RxL,Diesel,2015,Manual,"82,193 Kms","4,30,500"
2993,Honda,1st Owner,New-Delhi,WR-V,i-DTEC S,Diesel,2018,Manual,"61,372 Kms","6,69,500"
2994,Toyota,1st Owner,New-Delhi,Etios,GD,Diesel,2012,Manual,"67,585 Kms","2,97,000"
3000,Maruti,1st Owner,New-Delhi,Ignis,1.2 AMT Delta BSIV,Petrol,2018,Automatic,"17,011 Kms","4,50,000"
3001,Maruti,1st Owner,New-Delhi,Celerio,VXI,Petrol,2016,Manual,"36,243 Kms","3,44,500"
3002,Hyundai,1st Owner,New-Delhi,Creta,1.6 CRDi AT SX Plus,Diesel,2016,Automatic,"96,195 Kms","9,26,500"
3003,Maruti,1st Owner,New-Delhi,Alto,LXi,Petrol,2012,Manual,"28,123 Kms","1,89,500"
3004,Ford,1st Owner,New-Delhi,Ecosport,1.5 Diesel Titanium,Diesel,2016,Manual,"87,967 Kms","6,05,000"
3005,Honda,2nd Owner,New-Delhi,Brio,S MT,Petrol,2012,Manual,"27,371 Kms","2,29,000"
3006,Maruti,1st Owner,New-Delhi,Celerio,ZXI Optional AMT BSIV,Petrol,2018,Automatic,"9,277 Kms","4,78,500"
3007,Honda,1st Owner,New-Delhi,Amaze,S i-Vtech,Petrol,2015,Manual,"65,873 Kms","3,78,500"
3008,Maruti,1st Owner,New-Delhi,Alto 800,VXI,Petrol,2017,Manual,"23,845 Kms","2,83,500"
3009,Maruti,1st Owner,New-Delhi,Alto 800,STD,Petrol,2019,Manual,"5,673 Kms","2,66,500"
3010,Hyundai,1st Owner,New-Delhi,Creta,1.4 E Plus,Diesel,2018,Manual,"17,013 Kms","9,17,500"
3011,Renault,1st Owner,New-Delhi,Duster,85PS Diesel RxL,Diesel,2015,Manual,"82,193 Kms","4,30,500"
3012,Honda,1st Owner,New-Delhi,WR-V,i-DTEC S,Diesel,2018,Manual,"61,372 Kms","6,69,500"
3013,Toyota,1st Owner,New-Delhi,Etios,GD,Diesel,2012,Manual,"67,585 Kms","2,97,000"
3019,Maruti,1st Owner,New-Delhi,Ignis,1.2 AMT Delta BSIV,Petrol,2018,Automatic,"17,011 Kms","4,50,000"
3020,Maruti,1st Owner,New-Delhi,Celerio,VXI,Petrol,2016,Manual,"36,243 Kms","3,44,500"
3021,Hyundai,1st Owner,New-Delhi,Creta,1.6 CRDi AT SX Plus,Diesel,2016,Automatic,"96,195 Kms","9,26,500"
3022,Maruti,1st Owner,New-Delhi,Alto,LXi,Petrol,2012,Manual,"28,123 Kms","1,89,500"
3023,Ford,1st Owner,New-Delhi,Ecosport,1.5 Diesel Titanium,Diesel,2016,Manual,"87,967 Kms","6,05,000"
3024,Honda,2nd Owner,New-Delhi,Brio,S MT,Petrol,2012,Manual,"27,371 Kms","2,29,000"
3025,Maruti,1st Owner,New-Delhi,Celerio,ZXI Optional AMT BSIV,Petrol,2018,Automatic,"9,277 Kms","4,78,500"
3026,Honda,1st Owner,New-Delhi,Amaze,S i-Vtech,Petrol,2015,Manual,"65,873 Kms","3,78,500"
3027,Maruti,1st Owner,New-Delhi,Alto 800,VXI,Petrol,2017,Manual,"23,845 Kms","2,83,500"
3028,Maruti,1st Owner,New-Delhi,Alto 800,STD,Petrol,2019,Manual,"5,673 Kms","2,66,500"
3029,Hyundai,1st Owner,New-Delhi,Creta,1.4 E Plus,Diesel,2018,Manual,"17,013 Kms","9,17,500"
3030,Renault,1st Owner,New-Delhi,Duster,85PS Diesel RxL,Diesel,2015,Manual,"82,193 Kms","4,30,500"
3031,Honda,1st Owner,New-Delhi,WR-V,i-DTEC S,Diesel,2018,Manual,"61,372 Kms","6,69,500"
3032,Toyota,1st Owner,New-Delhi,Etios,GD,Diesel,2012,Manual,"67,585 Kms","2,97,000"
3053,Maruti,1st Owner,New-Delhi,Ignis,1.2 AMT Delta BSIV,Petrol,2018,Automatic,"17,011 Kms","4,50,000"
3054,Maruti,1st Owner,New-Delhi,Celerio,VXI,Petrol,2016,Manual,"36,243 Kms","3,44,500"
3055,Hyundai,1st Owner,New-Delhi,Creta,1.6 CRDi AT SX Plus,Diesel,2016,Automatic,"96,195 Kms","9,26,500"
3056,Maruti,1st Owner,New-Delhi,Alto,LXi,Petrol,2012,Manual,"28,123 Kms","1,89,500"
3057,Ford,1st Owner,New-Delhi,Ecosport,1.5 Diesel Titanium,Diesel,2016,Manual,"87,967 Kms","6,05,000"
3058,Honda,2nd Owner,New-Delhi,Brio,S MT,Petrol,2012,Manual,"27,371 Kms","2,29,000"
3059,Maruti,1st Owner,New-Delhi,Celerio,ZXI Optional AMT BSIV,Petrol,2018,Automatic,"9,277 Kms","4,78,500"
3060,Honda,1st Owner,New-Delhi,Amaze,S i-Vtech,Petrol,2015,Manual,"65,873 Kms","3,78,500"
3061,Maruti,1st Owner,New-Delhi,Alto 800,VXI,Petrol,2017,Manual,"23,845 Kms","2,83,500"
3062,Maruti,1st Owner,New-Delhi,Alto 800,STD,Petrol,2019,Manual,"5,673 Kms","2,66,500"
3063,Hyundai,1st Owner,New-Delhi,Creta,1.4 E Plus,Diesel,2018,Manual,"17,013 Kms","9,17,500"
3064,Renault,1st Owner,New-Delhi,Duster,85PS Diesel RxL,Diesel,2015,Manual,"82,193 Kms","4,30,500"
3065,Honda,1st Owner,New-Delhi,WR-V,i-DTEC S,Diesel,2018,Manual,"61,372 Kms","6,69,500"
3066,Toyota,1st Owner,New-Delhi,Etios,GD,Diesel,2012,Manual,"67,585 Kms","2,97,000"
3106,Maruti,1st Owner,New-Delhi,Ignis,1.2 AMT Delta BSIV,Petrol,2018,Automatic,"17,011 Kms","4,50,000"
3107,Maruti,1st Owner,New-Delhi,Celerio,VXI,Petrol,2016,Manual,"36,243 Kms","3,44,500"
3108,Hyundai,1st Owner,New-Delhi,Creta,1.6 CRDi AT SX Plus,Diesel,2016,Automatic,"96,195 Kms","9,26,500"
3109,Maruti,1st Owner,New-Delhi,Alto,LXi,Petrol,2012,Manual,"28,123 Kms","1,89,500"
3110,Ford,1st Owner,New-Delhi,Ecosport,1.5 Diesel Titanium,Diesel,2016,Manual,"87,967 Kms","6,05,000"
3111,Honda,2nd Owner,New-Delhi,Brio,S MT,Petrol,2012,Manual,"27,371 Kms","2,29,000"
3112,Maruti,1st Owner,New-Delhi,Celerio,ZXI Optional AMT BSIV,Petrol,2018,Automatic,"9,277 Kms","4,78,500"
3113,Honda,1st Owner,New-Delhi,Amaze,S i-Vtech,Petrol,2015,Manual,"65,873 Kms","3,78,500"
3114,Maruti,1st Owner,New-Delhi,Alto 800,VXI,Petrol,2017,Manual,"23,845 Kms","2,83,500"
3115,Maruti,1st Owner,New-Delhi,Alto 800,STD,Petrol,2019,Manual,"5,673 Kms","2,66,500"
3116,Hyundai,1st Owner,New-Delhi,Creta,1.4 E Plus,Diesel,2018,Manual,"17,013 Kms","9,17,500"
3117,Renault,1st Owner,New-Delhi,Duster,85PS Diesel RxL,Diesel,2015,Manual,"82,193 Kms","4,30,500"
3118,Honda,1st Owner,New-Delhi,WR-V,i-DTEC S,Diesel,2018,Manual,"61,372 Kms","6,69,500"
3119,Toyota,1st Owner,New-Delhi,Etios,GD,Diesel,2012,Manual,"67,585 Kms","2,97,000"
3179,Hyundai,1st Owner,New-Delhi,Creta,1.4 E Plus,Diesel,2018,Manual,"17,013 Kms","9,17,500"
3180,Honda,1st Owner,New-Delhi,WR-V,i-DTEC S,Diesel,2018,Manual,"61,372 Kms","6,69,500"
3181,Toyota,1st Owner,New-Delhi,Etios,GD,Diesel,2012,Manual,"67,585 Kms","2,97,000"
3182,Maruti,1st Owner,New-Delhi,Vitara Brezza,ZDi,Diesel,2019,Manual,"46,244 Kms","8,42,500"
3183,Maruti,1st Owner,New-Delhi,Ciaz,ZDi Plus SHVS,Diesel,2017,Manual,"60,573 Kms","6,61,000"
3184,Maruti,1st Owner,New-Delhi,Ciaz,1.4 Sigma,Petrol,2017,Manual,"26,793 Kms","6,80,000"
3185,Ford,2nd Owner,New-Delhi,Ecosport,1.5 Diesel Titanium Plus BSIV,Diesel,2018,Manual,"80,505 Kms","7,38,000"
3186,Renault,1st Owner,New-Delhi,Duster,110PS Diesel RxL AMT,Diesel,2016,Automatic,"72,273 Kms","6,38,500"
3187,Maruti,1st Owner,New-Delhi,Vitara Brezza,ZDi AMT,Diesel,2019,Automatic,"49,697 Kms","8,47,000"
3188,Maruti,1st Owner,New-Delhi,Ciaz,VDi,Diesel,2015,Manual,"78,667 Kms","4,70,000"
3189,Maruti,1st Owner,New-Delhi,Ciaz,VDi Plus SHVS,Diesel,2016,Manual,"62,233 Kms","5,54,500"
3190,Maruti,1st Owner,New-Delhi,Baleno,1.2 Zeta,Petrol,2017,Manual,"42,924 Kms","5,44,500"
3191,Toyota,1st Owner,New-Delhi,Etios,VD,Diesel,2014,Manual,"57,513 Kms","4,38,500"
3192,Maruti,1st Owner,New-Delhi,Ciaz,VXi,Petrol,2016,Manual,"24,540 Kms","6,92,500"
3193,Ford,2nd Owner,New-Delhi,Ecosport,1.5 DV5 MT Titanium Optional,Diesel,2013,Manual,"91,401 Kms","4,18,000"
3194,Tata,1st Owner,New-Delhi,Altroz,XZ,Petrol,2020,Manual,"7,914 Kms","7,01,000"
3195,Hyundai,1st Owner,New-Delhi,i20 Active,1.4 S,Diesel,2015,Manual,"43,455 Kms","4,71,000"
3196,Nissan,2nd Owner,New-Delhi,Terrano,XV 110 PS,Diesel,2014,Manual,"85,542 Kms","4,31,500"
3197,Maruti,1st Owner,New-Delhi,Ciaz,VDi Plus SHVS,Diesel,2016,Manual,"107,164 Kms","4,66,000"
3198,Hyundai,1st Owner,New-Delhi,i10,Era 1.1,Petrol,2011,Manual,"54,190 Kms","1,83,000"
3214,Hyundai,1st Owner,Noida,i20,1.2 Spotz,Petrol,2018,Manual,"9,566 Kms","6,40,500"
3215,Maruti,1st Owner,Noida,Wagon R,VXI,Petrol,2017,Manual,"41,299 Kms","3,61,000"
3219,Hyundai,1st Owner,New-Delhi,Creta,1.4 E Plus,Diesel,2018,Manual,"17,013 Kms","9,17,500"
3220,Honda,1st Owner,New-Delhi,WR-V,i-DTEC S,Diesel,2018,Manual,"61,372 Kms","6,69,500"
3221,Toyota,1st Owner,New-Delhi,Etios,GD,Diesel,2012,Manual,"67,585 Kms","2,97,000"
3222,Maruti,1st Owner,New-Delhi,Vitara Brezza,ZDi,Diesel,2019,Manual,"46,244 Kms","8,42,500"
3223,Maruti,1st Owner,New-Delhi,Ciaz,ZDi Plus SHVS,Diesel,2017,Manual,"60,573 Kms","6,61,000"
3224,Maruti,1st Owner,New-Delhi,Ciaz,1.4 Sigma,Petrol,2017,Manual,"26,793 Kms","6,80,000"
3225,Ford,2nd Owner,New-Delhi,Ecosport,1.5 Diesel Titanium Plus BSIV,Diesel,2018,Manual,"80,505 Kms","7,38,000"
3226,Renault,1st Owner,New-Delhi,Duster,110PS Diesel RxL AMT,Diesel,2016,Automatic,"72,273 Kms","6,38,500"
3227,Maruti,1st Owner,New-Delhi,Vitara Brezza,ZDi AMT,Diesel,2019,Automatic,"49,697 Kms","8,47,000"
3228,Maruti,1st Owner,New-Delhi,Ciaz,VDi,Diesel,2015,Manual,"78,667 Kms","4,70,000"
3229,Maruti,1st Owner,New-Delhi,Ciaz,VDi Plus SHVS,Diesel,2016,Manual,"62,233 Kms","5,54,500"
3230,Maruti,1st Owner,New-Delhi,Baleno,1.2 Zeta,Petrol,2017,Manual,"42,924 Kms","5,44,500"
3231,Toyota,1st Owner,New-Delhi,Etios,VD,Diesel,2014,Manual,"57,513 Kms","4,38,500"
3232,Maruti,1st Owner,New-Delhi,Ciaz,VXi,Petrol,2016,Manual,"24,540 Kms","6,92,500"
3233,Ford,2nd Owner,New-Delhi,Ecosport,1.5 DV5 MT Titanium Optional,Diesel,2013,Manual,"91,401 Kms","4,18,000"
3234,Tata,1st Owner,New-Delhi,Altroz,XZ,Petrol,2020,Manual,"7,914 Kms","7,01,000"
3235,Hyundai,1st Owner,New-Delhi,i20 Active,1.4 S,Diesel,2015,Manual,"43,455 Kms","4,71,000"
3236,Nissan,2nd Owner,New-Delhi,Terrano,XV 110 PS,Diesel,2014,Manual,"85,542 Kms","4,31,500"
3237,Maruti,1st Owner,New-Delhi,Ciaz,VDi Plus SHVS,Diesel,2016,Manual,"107,164 Kms","4,66,000"
3238,Hyundai,1st Owner,New-Delhi,i10,Era 1.1,Petrol,2011,Manual,"54,190 Kms","1,83,000"
3254,Hyundai,1st Owner,Noida,i20,1.2 Spotz,Petrol,2018,Manual,"9,566 Kms","6,40,500"
3255,Maruti,1st Owner,Noida,Wagon R,VXI,Petrol,2017,Manual,"41,299 Kms","3,61,000"
3259,Hyundai,1st Owner,Noida,Grand i10,Sportz,Petrol,2015,Manual,"80,081 Kms","3,76,000"
3279,Hyundai,1st Owner,New-Delhi,Creta,1.4 E Plus,Diesel,2018,Manual,"17,013 Kms","9,17,500"
3280,Honda,1st Owner,New-Delhi,WR-V,i-DTEC S,Diesel,2018,Manual,"61,372 Kms","6,69,500"
3281,Toyota,1st Owner,New-Delhi,Etios,GD,Diesel,2012,Manual,"67,585 Kms","2,97,000"
3282,Maruti,1st Owner,New-Delhi,Vitara Brezza,ZDi,Diesel,2019,Manual,"46,244 Kms","8,42,500"
3283,Maruti,1st Owner,New-Delhi,Ciaz,ZDi Plus SHVS,Diesel,2017,Manual,"60,573 Kms","6,61,000"
3284,Maruti,1st Owner,New-Delhi,Ciaz,1.4 Sigma,Petrol,2017,Manual,"26,793 Kms","6,80,000"
3285,Ford,2nd Owner,New-Delhi,Ecosport,1.5 Diesel Titanium Plus BSIV,Diesel,2018,Manual,"80,505 Kms","7,38,000"
3286,Renault,1st Owner,New-Delhi,Duster,110PS Diesel RxL AMT,Diesel,2016,Automatic,"72,273 Kms","6,38,500"
3287,Maruti,1st Owner,New-Delhi,Vitara Brezza,ZDi AMT,Diesel,2019,Automatic,"49,697 Kms","8,47,000"
3288,Maruti,1st Owner,New-Delhi,Ciaz,VDi,Diesel,2015,Manual,"78,667 Kms","4,70,000"
3289,Maruti,1st Owner,New-Delhi,Ciaz,VDi Plus SHVS,Diesel,2016,Manual,"62,233 Kms","5,54,500"
3290,Maruti,1st Owner,New-Delhi,Baleno,1.2 Zeta,Petrol,2017,Manual,"42,924 Kms","5,44,500"
3291,Toyota,1st Owner,New-Delhi,Etios,VD,Diesel,2014,Manual,"57,513 Kms","4,38,500"
3292,Maruti,1st Owner,New-Delhi,Ciaz,VXi,Petrol,2016,Manual,"24,540 Kms","6,92,500"
3293,Ford,2nd Owner,New-Delhi,Ecosport,1.5 DV5 MT Titanium Optional,Diesel,2013,Manual,"91,401 Kms","4,18,000"
3294,Tata,1st Owner,New-Delhi,Altroz,XZ,Petrol,2020,Manual,"7,914 Kms","7,01,000"
3295,Hyundai,1st Owner,New-Delhi,i20 Active,1.4 S,Diesel,2015,Manual,"43,455 Kms","4,71,000"
3296,Nissan,2nd Owner,New-Delhi,Terrano,XV 110 PS,Diesel,2014,Manual,"85,542 Kms","4,31,500"
3297,Maruti,1st Owner,New-Delhi,Ciaz,VDi Plus SHVS,Diesel,2016,Manual,"107,164 Kms","4,66,000"
3298,Hyundai,1st Owner,New-Delhi,i10,Era 1.1,Petrol,2011,Manual,"54,190 Kms","1,83,000"
3314,Hyundai,1st Owner,Noida,i20,1.2 Spotz,Petrol,2018,Manual,"9,566 Kms","6,40,500"
3315,Maruti,1st Owner,Noida,Wagon R,VXI,Petrol,2017,Manual,"41,299 Kms","3,61,000"
3319,Hyundai,1st Owner,Noida,Grand i10,Sportz,Petrol,2015,Manual,"80,081 Kms","3,76,000"
3342,Hyundai,1st Owner,Noida,Grand i10,Magna,Petrol,2019,Manual,"6,928 Kms","5,24,000"
3343,Maruti,1st Owner,Noida,Alto K10,VXI,Petrol,2018,Manual,"13,215 Kms","3,63,000"
3350,Hyundai,2nd Owner,Noida,Grand i10,Magna,Petrol,2013,Manual,"48,727 Kms","3,34,000"
3353,Maruti,2nd Owner,Noida,Alto K10,LXI,Petrol,2012,Manual,"36,854 Kms","1,76,500"
3354,Honda,1st Owner,Noida,WR-V,i-VTEC S,Petrol,2019,Manual,"12,947 Kms","7,38,321"
3359,Hyundai,1st Owner,New-Delhi,Creta,1.4 E Plus,Diesel,2018,Manual,"17,013 Kms","9,17,500"
3360,Honda,1st Owner,New-Delhi,WR-V,i-DTEC S,Diesel,2018,Manual,"61,372 Kms","6,69,500"
3361,Toyota,1st Owner,New-Delhi,Etios,GD,Diesel,2012,Manual,"67,585 Kms","2,97,000"
3362,Maruti,1st Owner,New-Delhi,Vitara Brezza,ZDi,Diesel,2019,Manual,"46,244 Kms","8,42,500"
3363,Maruti,1st Owner,New-Delhi,Ciaz,ZDi Plus SHVS,Diesel,2017,Manual,"60,573 Kms","6,61,000"
3364,Maruti,1st Owner,New-Delhi,Ciaz,1.4 Sigma,Petrol,2017,Manual,"26,793 Kms","6,80,000"
3365,Ford,2nd Owner,New-Delhi,Ecosport,1.5 Diesel Titanium Plus BSIV,Diesel,2018,Manual,"80,505 Kms","7,38,000"
3366,Renault,1st Owner,New-Delhi,Duster,110PS Diesel RxL AMT,Diesel,2016,Automatic,"72,273 Kms","6,38,500"
3367,Maruti,1st Owner,New-Delhi,Vitara Brezza,ZDi AMT,Diesel,2019,Automatic,"49,697 Kms","8,47,000"
3368,Maruti,1st Owner,New-Delhi,Ciaz,VDi,Diesel,2015,Manual,"78,667 Kms","4,70,000"
3369,Maruti,1st Owner,New-Delhi,Ciaz,VDi Plus SHVS,Diesel,2016,Manual,"62,233 Kms","5,54,500"
3370,Maruti,1st Owner,New-Delhi,Baleno,1.2 Zeta,Petrol,2017,Manual,"42,924 Kms","5,44,500"
3371,Toyota,1st Owner,New-Delhi,Etios,VD,Diesel,2014,Manual,"57,513 Kms","4,38,500"
3372,Maruti,1st Owner,New-Delhi,Ciaz,VXi,Petrol,2016,Manual,"24,540 Kms","6,92,500"
3373,Ford,2nd Owner,New-Delhi,Ecosport,1.5 DV5 MT Titanium Optional,Diesel,2013,Manual,"91,401 Kms","4,18,000"
3374,Tata,1st Owner,New-Delhi,Altroz,XZ,Petrol,2020,Manual,"7,914 Kms","7,01,000"
3375,Hyundai,1st Owner,New-Delhi,i20 Active,1.4 S,Diesel,2015,Manual,"43,455 Kms","4,71,000"
3376,Nissan,2nd Owner,New-Delhi,Terrano,XV 110 PS,Diesel,2014,Manual,"85,542 Kms","4,31,500"
3377,Maruti,1st Owner,New-Delhi,Ciaz,VDi Plus SHVS,Diesel,2016,Manual,"107,164 Kms","4,66,000"
3378,Hyundai,1st Owner,New-Delhi,i10,Era 1.1,Petrol,2011,Manual,"54,190 Kms","1,83,000"
3394,Hyundai,1st Owner,Noida,i20,1.2 Spotz,Petrol,2018,Manual,"9,566 Kms","6,40,500"
3395,Maruti,1st Owner,Noida,Wagon R,VXI,Petrol,2017,Manual,"41,299 Kms","3,61,000"
3399,Hyundai,1st Owner,Noida,Grand i10,Sportz,Petrol,2015,Manual,"80,081 Kms","3,76,000"
3422,Hyundai,1st Owner,Noida,Grand i10,Magna,Petrol,2019,Manual,"6,928 Kms","5,24,000"
3423,Maruti,1st Owner,Noida,Alto K10,VXI,Petrol,2018,Manual,"13,215 Kms","3,63,000"
3430,Hyundai,2nd Owner,Noida,Grand i10,Magna,Petrol,2013,Manual,"48,727 Kms","3,34,000"
3433,Maruti,2nd Owner,Noida,Alto K10,LXI,Petrol,2012,Manual,"36,854 Kms","1,76,500"
3434,Honda,1st Owner,Noida,WR-V,i-VTEC S,Petrol,2019,Manual,"12,947 Kms","7,38,321"
3439,Hyundai,1st Owner,New-Delhi,Creta,1.4 E Plus,Diesel,2018,Manual,"17,013 Kms","9,17,500"
3440,Honda,1st Owner,New-Delhi,WR-V,i-DTEC S,Diesel,2018,Manual,"61,372 Kms","6,69,500"
3441,Toyota,1st Owner,New-Delhi,Etios,GD,Diesel,2012,Manual,"67,585 Kms","2,97,000"
3442,Maruti,1st Owner,New-Delhi,Vitara Brezza,ZDi,Diesel,2019,Manual,"46,244 Kms","8,42,500"
3443,Maruti,1st Owner,New-Delhi,Ciaz,ZDi Plus SHVS,Diesel,2017,Manual,"60,573 Kms","6,61,000"
3444,Maruti,1st Owner,New-Delhi,Ciaz,1.4 Sigma,Petrol,2017,Manual,"26,793 Kms","6,80,000"
3445,Ford,2nd Owner,New-Delhi,Ecosport,1.5 Diesel Titanium Plus BSIV,Diesel,2018,Manual,"80,505 Kms","7,38,000"
3446,Renault,1st Owner,New-Delhi,Duster,110PS Diesel RxL AMT,Diesel,2016,Automatic,"72,273 Kms","6,38,500"
3447,Maruti,1st Owner,New-Delhi,Vitara Brezza,ZDi AMT,Diesel,2019,Automatic,"49,697 Kms","8,47,000"
3448,Maruti,1st Owner,New-Delhi,Ciaz,VDi,Diesel,2015,Manual,"78,667 Kms","4,70,000"
3449,Maruti,1st Owner,New-Delhi,Ciaz,VDi Plus SHVS,Diesel,2016,Manual,"62,233 Kms","5,54,500"
3450,Maruti,1st Owner,New-Delhi,Baleno,1.2 Zeta,Petrol,2017,Manual,"42,924 Kms","5,44,500"
3451,Toyota,1st Owner,New-Delhi,Etios,VD,Diesel,2014,Manual,"57,513 Kms","4,38,500"
3452,Maruti,1st Owner,New-Delhi,Ciaz,VXi,Petrol,2016,Manual,"24,540 Kms","6,92,500"
3453,Ford,2nd Owner,New-Delhi,Ecosport,1.5 DV5 MT Titanium Optional,Diesel,2013,Manual,"91,401 Kms","4,18,000"
3454,Tata,1st Owner,New-Delhi,Altroz,XZ,Petrol,2020,Manual,"7,914 Kms","7,01,000"
3455,Hyundai,1st Owner,New-Delhi,i20 Active,1.4 S,Diesel,2015,Manual,"43,455 Kms","4,71,000"
3456,Nissan,2nd Owner,New-Delhi,Terrano,XV 110 PS,Diesel,2014,Manual,"85,542 Kms","4,31,500"
3457,Maruti,1st Owner,New-Delhi,Ciaz,VDi Plus SHVS,Diesel,2016,Manual,"107,164 Kms","4,66,000"
3458,Hyundai,1st Owner,New-Delhi,i10,Era 1.1,Petrol,2011,Manual,"54,190 Kms","1,83,000"
3474,Hyundai,1st Owner,Noida,i20,1.2 Spotz,Petrol,2018,Manual,"9,566 Kms","6,40,500"
3475,Maruti,1st Owner,Noida,Wagon R,VXI,Petrol,2017,Manual,"41,299 Kms","3,61,000"
3479,Hyundai,1st Owner,Noida,Grand i10,Sportz,Petrol,2015,Manual,"80,081 Kms","3,76,000"
3502,Hyundai,1st Owner,Noida,Grand i10,Magna,Petrol,2019,Manual,"6,928 Kms","5,24,000"
3503,Maruti,1st Owner,Noida,Alto K10,VXI,Petrol,2018,Manual,"13,215 Kms","3,63,000"
3510,Hyundai,2nd Owner,Noida,Grand i10,Magna,Petrol,2013,Manual,"48,727 Kms","3,34,000"
3513,Maruti,2nd Owner,Noida,Alto K10,LXI,Petrol,2012,Manual,"36,854 Kms","1,76,500"
3514,Honda,1st Owner,Noida,WR-V,i-VTEC S,Petrol,2019,Manual,"12,947 Kms","7,38,321"
3523,Volkswagen,2nd Owner,Noida,Ameo,1.2 MPI Trendline,Petrol,2017,Manual,"41,665 Kms","3,81,500"
3524,Honda,1st Owner,Noida,City,V MT,Petrol,2019,Manual,"28,860 Kms","9,40,000"
3531,Honda,1st Owner,Noida,City,VX MT,Petrol,2014,Manual,"98,390 Kms","5,83,500"
3533,Hyundai,1st Owner,Noida,i20,Asta 1.4 CRDi,Diesel,2015,Manual,"117,327 Kms","4,94,500"
3540,Maruti,1st Owner,Noida,Wagon R,LXI,Petrol,2017,Manual,"19,905 Kms","3,38,500"
3541,Maruti,1st Owner,Noida,Swift,LXI Option,Petrol,2015,Manual,"35,019 Kms","4,08,000"
3551,Maruti,1st Owner,Noida,Celerio,VXI,Petrol,2014,Manual,"17,541 Kms","3,23,000"
3554,Maruti,1st Owner,Noida,Wagon R,AMT VXI,Petrol,2016,Automatic,"29,523 Kms","3,71,500"
3559,Maruti,1st Owner,Pune,Alto 800,VXI,Petrol,2017,Manual,"90,516 Kms","3,26,500"
3560,Maruti,1st Owner,Pune,Vitara Brezza,ZDi,Diesel,2017,Manual,"60,710 Kms","8,37,500"
3561,Tata,1st Owner,Pune,Tiago,XT,Petrol,2016,Manual,"49,487 Kms","3,75,500"
3562,Honda,2nd Owner,Pune,Amaze,S i-VTEC,Petrol,2019,Manual,"10,510 Kms","6,03,000"
3563,Maruti,1st Owner,Pune,Alto 800,VXI,Petrol,2016,Manual,"67,531 Kms","2,87,000"
3564,Hyundai,2nd Owner,Pune,Grand i10,AT Asta,Petrol,2015,Automatic,"62,193 Kms","4,72,500"
3565,Maruti,2nd Owner,Pune,Ertiga,VXI,Petrol,2015,Manual,"52,545 Kms","5,73,000"
3566,Volkswagen,1st Owner,Pune,Polo,1.2 MPI Highline,Petrol,2016,Manual,"47,994 Kms","4,81,500"
3567,Hyundai,1st Owner,Pune,Santro,Sportz AMT BSIV,Petrol,2019,Automatic,"24,296 Kms","5,78,000"
3568,Hyundai,1st Owner,Pune,Santro,Sportz AMT BSIV,Petrol,2019,Automatic,"4,521 Kms","5,91,500"
3569,Maruti,1st Owner,Pune,Alto 800,CNG LXI,CNG,2019,Manual,"10,581 Kms","3,81,000"
3570,Maruti,1st Owner,Pune,Ignis,Alpha,Petrol,2017,Manual,"13,483 Kms","5,59,500"
3571,Maruti,1st Owner,Pune,Baleno,1.2 Delta,Petrol,2016,Manual,"59,044 Kms","5,30,500"
3572,Maruti,2nd Owner,Pune,Baleno,1.2 CVT Alpha,Petrol,2018,Automatic,"24,229 Kms","8,01,500"
3576,Hyundai,1st Owner,Pune,i20,Petrol CVT Asta,Petrol,2018,Automatic,"17,908 Kms","7,65,500"
3577,Maruti,1st Owner,Pune,Ciaz,1.4 AT Alpha,Petrol,2017,Automatic,"25,877 Kms","8,43,500"
3579,Maruti,1st Owner,Pune,Alto 800,VXI,Petrol,2017,Manual,"90,516 Kms","3,26,500"
3580,Maruti,1st Owner,Pune,Vitara Brezza,ZDi,Diesel,2017,Manual,"60,710 Kms","8,37,500"
3581,Tata,1st Owner,Pune,Tiago,XT,Petrol,2016,Manual,"49,487 Kms","3,75,500"
3582,Honda,2nd Owner,Pune,Amaze,S i-VTEC,Petrol,2019,Manual,"10,510 Kms","6,03,000"
3583,Maruti,1st Owner,Pune,Alto 800,VXI,Petrol,2016,Manual,"67,531 Kms","2,87,000"
3584,Hyundai,2nd Owner,Pune,Grand i10,AT Asta,Petrol,2015,Automatic,"62,193 Kms","4,72,500"
3585,Maruti,2nd Owner,Pune,Ertiga,VXI,Petrol,2015,Manual,"52,545 Kms","5,73,000"
3586,Volkswagen,1st Owner,Pune,Polo,1.2 MPI Highline,Petrol,2016,Manual,"47,994 Kms","4,81,500"
3587,Hyundai,1st Owner,Pune,Santro,Sportz AMT BSIV,Petrol,2019,Automatic,"24,296 Kms","5,78,000"
3588,Hyundai,1st Owner,Pune,Santro,Sportz AMT BSIV,Petrol,2019,Automatic,"4,521 Kms","5,91,500"
3589,Maruti,1st Owner,Pune,Alto 800,CNG LXI,CNG,2019,Manual,"10,581 Kms","3,81,000"
3590,Maruti,1st Owner,Pune,Ignis,Alpha,Petrol,2017,Manual,"13,483 Kms","5,59,500"
3591,Maruti,1st Owner,Pune,Baleno,1.2 Delta,Petrol,2016,Manual,"59,044 Kms","5,30,500"
3592,Maruti,2nd Owner,Pune,Baleno,1.2 CVT Alpha,Petrol,2018,Automatic,"24,229 Kms","8,01,500"
3596,Hyundai,1st Owner,Pune,i20,Petrol CVT Asta,Petrol,2018,Automatic,"17,908 Kms","7,65,500"
3597,Maruti,1st Owner,Pune,Ciaz,1.4 AT Alpha,Petrol,2017,Automatic,"25,877 Kms","8,43,500"
3609,Maruti,1st Owner,Pune,Alto 800,VXI,Petrol,2017,Manual,"90,516 Kms","3,26,500"
3610,Maruti,1st Owner,Pune,Vitara Brezza,ZDi,Diesel,2017,Manual,"60,710 Kms","8,37,500"
3611,Tata,1st Owner,Pune,Tiago,XT,Petrol,2016,Manual,"49,487 Kms","3,75,500"
3612,Honda,2nd Owner,Pune,Amaze,S i-VTEC,Petrol,2019,Manual,"10,510 Kms","6,03,000"
3613,Maruti,1st Owner,Pune,Alto 800,VXI,Petrol,2016,Manual,"67,531 Kms","2,87,000"
3614,Hyundai,2nd Owner,Pune,Grand i10,AT Asta,Petrol,2015,Automatic,"62,193 Kms","4,72,500"
3615,Maruti,2nd Owner,Pune,Ertiga,VXI,Petrol,2015,Manual,"52,545 Kms","5,73,000"
3616,Volkswagen,1st Owner,Pune,Polo,1.2 MPI Highline,Petrol,2016,Manual,"47,994 Kms","4,81,500"
3617,Hyundai,1st Owner,Pune,Santro,Sportz AMT BSIV,Petrol,2019,Automatic,"24,296 Kms","5,78,000"
3618,Hyundai,1st Owner,Pune,Santro,Sportz AMT BSIV,Petrol,2019,Automatic,"4,521 Kms","5,91,500"
3619,Maruti,1st Owner,Pune,Alto 800,CNG LXI,CNG,2019,Manual,"10,581 Kms","3,81,000"
3620,Maruti,1st Owner,Pune,Ignis,Alpha,Petrol,2017,Manual,"13,483 Kms","5,59,500"
3621,Maruti,1st Owner,Pune,Baleno,1.2 Delta,Petrol,2016,Manual,"59,044 Kms","5,30,500"
3622,Maruti,2nd Owner,Pune,Baleno,1.2 CVT Alpha,Petrol,2018,Automatic,"24,229 Kms","8,01,500"
3626,Hyundai,1st Owner,Pune,i20,Petrol CVT Asta,Petrol,2018,Automatic,"17,908 Kms","7,65,500"
3627,Maruti,1st Owner,Pune,Ciaz,1.4 AT Alpha,Petrol,2017,Automatic,"25,877 Kms","8,43,500"
3658,Maruti,1st Owner,Pune,Alto 800,VXI,Petrol,2017,Manual,"90,516 Kms","3,26,500"
3659,Maruti,1st Owner,Pune,Vitara Brezza,ZDi,Diesel,2017,Manual,"60,710 Kms","8,37,500"
3660,Tata,1st Owner,Pune,Tiago,XT,Petrol,2016,Manual,"49,487 Kms","3,75,500"
3661,Honda,2nd Owner,Pune,Amaze,S i-VTEC,Petrol,2019,Manual,"10,510 Kms","6,03,000"
3662,Maruti,1st Owner,Pune,Alto 800,VXI,Petrol,2016,Manual,"67,531 Kms","2,87,000"
3663,Hyundai,2nd Owner,Pune,Grand i10,AT Asta,Petrol,2015,Automatic,"62,193 Kms","4,72,500"
3664,Maruti,2nd Owner,Pune,Ertiga,VXI,Petrol,2015,Manual,"52,545 Kms","5,73,000"
3665,Volkswagen,1st Owner,Pune,Polo,1.2 MPI Highline,Petrol,2016,Manual,"47,994 Kms","4,81,500"
3666,Hyundai,1st Owner,Pune,Santro,Sportz AMT BSIV,Petrol,2019,Automatic,"24,296 Kms","5,78,000"
3667,Hyundai,1st Owner,Pune,Santro,Sportz AMT BSIV,Petrol,2019,Automatic,"4,521 Kms","5,91,500"
3668,Maruti,1st Owner,Pune,Alto 800,CNG LXI,CNG,2019,Manual,"10,581 Kms","3,81,000"
3669,Maruti,1st Owner,Pune,Ignis,Alpha,Petrol,2017,Manual,"13,483 Kms","5,59,500"
3670,Maruti,1st Owner,Pune,Baleno,1.2 Delta,Petrol,2016,Manual,"59,044 Kms","5,30,500"
3671,Maruti,2nd Owner,Pune,Baleno,1.2 CVT Alpha,Petrol,2018,Automatic,"24,229 Kms","8,01,500"
3675,Hyundai,1st Owner,Pune,i20,Petrol CVT Asta,Petrol,2018,Automatic,"17,908 Kms","7,65,500"
3676,Maruti,1st Owner,Pune,Ciaz,1.4 AT Alpha,Petrol,2017,Automatic,"25,877 Kms","8,43,500"
3727,Maruti,1st Owner,Pune,Alto 800,VXI,Petrol,2017,Manual,"90,516 Kms","3,26,500"
3728,Maruti,1st Owner,Pune,Vitara Brezza,ZDi,Diesel,2017,Manual,"60,710 Kms","8,37,500"
3729,Tata,1st Owner,Pune,Tiago,XT,Petrol,2016,Manual,"49,487 Kms","3,75,500"
3730,Honda,2nd Owner,Pune,Amaze,S i-VTEC,Petrol,2019,Manual,"10,510 Kms","6,03,000"
3731,Maruti,1st Owner,Pune,Alto 800,VXI,Petrol,2016,Manual,"67,531 Kms","2,87,000"
3732,Hyundai,2nd Owner,Pune,Grand i10,AT Asta,Petrol,2015,Automatic,"62,193 Kms","4,72,500"
3733,Maruti,2nd Owner,Pune,Ertiga,VXI,Petrol,2015,Manual,"52,545 Kms","5,73,000"
3734,Volkswagen,1st Owner,Pune,Polo,1.2 MPI Highline,Petrol,2016,Manual,"47,994 Kms","4,81,500"
3735,Hyundai,1st Owner,Pune,Santro,Sportz AMT BSIV,Petrol,2019,Automatic,"24,296 Kms","5,78,000"
3736,Hyundai,1st Owner,Pune,Santro,Sportz AMT BSIV,Petrol,2019,Automatic,"4,521 Kms","5,91,500"
3737,Maruti,1st Owner,Pune,Alto 800,CNG LXI,CNG,2019,Manual,"10,581 Kms","3,81,000"
3738,Maruti,1st Owner,Pune,Ignis,Alpha,Petrol,2017,Manual,"13,483 Kms","5,59,500"
3739,Maruti,1st Owner,Pune,Baleno,1.2 Delta,Petrol,2016,Manual,"59,044 Kms","5,30,500"
3740,Maruti,2nd Owner,Pune,Baleno,1.2 CVT Alpha,Petrol,2018,Automatic,"24,229 Kms","8,01,500"
3744,Hyundai,1st Owner,Pune,i20,Petrol CVT Asta,Petrol,2018,Automatic,"17,908 Kms","7,65,500"
3745,Maruti,1st Owner,Pune,Ciaz,1.4 AT Alpha,Petrol,2017,Automatic,"25,877 Kms","8,43,500"
